;0;1;2;3;4;5;6;7;8;9;10;11;12;13;14;15;16;17;18;19;20;21;22;23;24;25;26;27;28;29;30;31;32;33;34;35;36;37;38;39;40;41;42;43;44
0;5.4059189680368975;29.07130173203455;55.04580390974998;32.57867124914146;51.166118208559595;35.83663563771473;51.946730181356514;21.65346812613279;15.653132791937852;32.52524477475545;47.109439830855464;43.69786634099057;37.961969502702466;29.65123731411911;48.190204437597714;39.77888686839543;34.919221862138194;40.88065144420796;52.801419066625854;32.37635750312193;15.847825659588736;35.069870072818624;22.931659447500337;50.2943918531293;47.094105835750256;20.846045925193074;40.451064284301516;44.944652623813916;34.29838006067442;39.65202105651498;37.93537343383603;25.59073954497103;37.73718359905337;35.838272813089326;21.722131622001697;19.765595483832076;17.05666207283842;37.04657055185046;39.193888184710104;45.31735279694662;32.66241715328947;37.941557808906076;39.439227459899485;48.12146782835771;33.154608266114934
1;5.051519170039176;27.618162938456976;50.593646049980514;27.89455625498315;51.934937828792705;34.08304189356058;46.9324588963999;20.631912893255883;14.623350923877545;32.15823718871269;43.34726441573132;38.984586744761565;35.85940134283762;28.023153322494714;44.68232449715431;32.82948376413666;32.66343190913164;39.27214809970628;49.08048604284534;31.5753293265993;14.792559551903556;31.17880076637646;21.605591695712974;46.106343078644734;42.11071988006842;17.50279011879839;38.36141280569562;43.676706426109;32.44235218206543;38.16503757470704;35.906035918429225;25.850490163762878;38.88610715251556;32.23463075110779;21.222724421335656;18.011788756789894;16.619323956220498;34.294277603479394;36.82745468027031;42.67654262648872;31.62233530975318;33.370203681909835;38.697688401145385;45.64916107431424;31.84061805731767
2;4.650351396557191;25.648279173341514;45.20457117268103;25.755005805947366;46.515503261438155;31.386934515048086;43.91420890472493;20.596838345170916;13.449523865185991;30.353791317692014;40.835681796929244;34.35344876315912;33.96776388024061;25.53420152387887;41.97379051623888;30.517462580517407;31.379289947937966;35.31681185133156;45.68519256585335;29.16065992092076;13.838912507463913;28.53771653036945;19.152093129826305;42.03762971185528;39.12776725273079;17.618290583445255;33.61271840642515;41.581080704222856;29.071590687872913;35.07552247711934;32.99550486170786;23.169236752635644;34.931013828779264;30.3562130970536;18.852287773992042;16.726177631294117;13.904002753322988;31.820661292521784;35.31869198659063;38.19438687479791;27.344091521658754;30.400048353119608;36.16373349763189;43.78301344737625;30.88376236080272
3;4.348572926594879;22.542899475823912;41.744598103163796;24.461204259349355;43.24303945206427;30.321110310078307;39.836156169991334;20.584704769843267;12.565713054315154;30.130798213266306;40.52340909334503;34.62882208621122;30.68257317265841;22.6245699845462;39.81820647528501;29.554690719519854;28.391757135149863;33.7886702445948;43.7012598185887;27.89501720899364;13.477406158808037;26.66599027138658;18.722289301858975;40.06362159901816;36.407808473819145;16.833828855184013;30.680982645936623;40.72748415842213;29.37755222529433;33.95794163557361;30.894002047145776;22.370503498931825;31.973174245018658;28.815190961905824;18.083574072237802;16.15097370818985;12.494517662450477;29.01527398493688;33.95348589092021;37.0913227788174;24.1455750462836;27.314239080647006;33.39067900094958;38.98762735972434;29.631093744710483
4;4.198293907323614;22.172893068230916;40.99917585767224;22.86209715022959;41.37800497250886;28.728215987124443;38.519741099156505;20.63290399613399;12.007242626923862;28.73750118008058;39.50914414128614;36.19739712143218;29.42246329837853;21.726075776673856;39.3982024814589;28.223277787549073;26.38026963001561;32.003190951817615;40.398269447041905;27.243183217751632;13.486527001937096;26.293287272548625;17.996017782844937;40.23761031389175;32.950161288069374;15.453713377662561;30.480399711407248;40.48107854740699;28.507646069190656;31.64581556505149;29.715242955166943;22.13235064037268;31.367275994897053;28.211971465806663;17.09484023496703;15.428797209301617;11.57383363341026;28.4647099649172;31.683095155965447;36.63087880349822;24.138894054079817;26.756673275274178;32.774930349141755;37.00614144646064;28.157773876291852
5;4.146179250433785;21.084745313950908;39.50329028686349;22.646887715156417;40.63903661737703;27.92575010684766;38.51668756807285;21.691251209600182;11.418220461886637;27.44680518859844;40.27753451974153;35.028191869023296;28.34949999319898;21.677197283315053;39.098103352940264;28.113639047497497;24.798371158217535;30.970370493809167;39.44685691213708;27.211455565977428;13.451962994165312;25.62805166049592;17.89855647067427;39.39779831695901;32.0763326495278;16.11888805606376;31.13669476066218;40.64689421972271;27.96921385871728;32.458330587360756;28.508497356550794;20.51563279458814;32.252681142869534;25.499986220463473;16.930101783040943;15.413750668599407;12.367749251997594;28.241322265846076;29.14022234627547;35.064952734744196;25.4550751216915;28.005812894828967;31.353007065834426;37.47704889513246;29.382089774411295
6;4.161052699290593;22.320946988534235;38.4250542246586;23.31891713276622;41.5419274409106;28.330987295740062;38.02744110893525;20.921789373269302;11.250818307792834;27.784280992428105;41.63134420750973;35.138451258591324;29.601436749668103;21.335932021256426;39.911290603881426;28.354792090054552;24.439464588555055;31.192999503226044;39.52399328615852;27.055222164970605;12.444031928888698;25.520959259549592;18.025981929302464;40.719636332270085;32.80611609568668;16.572100571113697;31.112382190372923;40.482525806616394;27.726435000406607;33.21543499401769;29.53844883577676;19.53282827787995;30.160639052949918;23.702661184420137;17.183770373513667;15.796379691077789;12.681829674949247;27.873339933338375;29.40596540316574;34.78896130687268;25.602493710289266;27.68055564376077;32.01992128428385;37.202824330635174;29.89403001284467
7;4.222992468423098;21.79901636299533;37.288938842473875;24.601926429190733;41.48625844806432;27.381948520733594;41.079864138407636;21.326306054308265;11.445336558736;27.287905398643996;41.708171973924465;34.964284004304616;31.056778344825954;21.48647339945097;40.16236513719528;30.39687916438808;25.409725003782675;31.484724903554373;40.75587793532572;25.775064620047672;12.162987859403387;25.47207444963971;17.735130000344824;42.16574721069256;34.195538825253884;16.220057535007427;30.846303376383304;38.54909102904861;28.184543740126156;33.06527526378192;29.15696786758939;20.731314833608078;29.531580304691254;24.73637330195254;17.47887805919143;17.05259803264552;13.57597071721329;28.469441603440547;28.8344547124422;35.738240299243486;27.037008511530413;27.972686029186118;31.342073585209395;39.053592334692055;30.47930267225607
8;3.981264190907767;20.35600582623723;34.878872408264584;22.66559557840611;40.34932925153392;26.58654760852138;36.728116767436674;22.187740310136693;11.69727759238178;27.123682868979028;40.27533435733103;32.00191682132314;29.137541346409467;19.904846881403675;35.55013500137847;27.88314106438833;24.967624169623377;29.231213715401495;37.43019375401238;22.64424352649336;10.894809648904518;25.147639376621672;16.28203897201147;39.95662034631786;32.76930665228753;14.162712209325038;30.05652980728439;35.29509412633943;27.496454203498256;28.745414851708713;27.09455430217109;19.137403169933968;28.725309957586916;23.51956327185788;17.51452463980824;15.621946869654069;12.830104216755958;26.745600829623623;27.421610955364066;35.529025906456376;26.44779426710331;25.854521595200914;29.882263100072304;36.141316677238464;28.01926954758227
9;3.8005204886671375;19.682867500992447;33.02610250103083;21.992405233555047;38.90118374631652;25.202361794500472;34.92073650687557;21.004741979615567;11.153559658397356;27.25114097474967;38.36977251262243;30.568470366612306;26.66121207677478;19.540582223445472;34.8993619425786;27.92775581545547;23.321483142956716;27.895231057334506;36.45316839234216;21.265444075530848;10.32114431569757;24.713041451221983;14.40523391503421;39.242127466737024;33.67540202610241;13.915066455458522;27.422054142357798;33.33543446056487;28.305456454425578;27.324258103594833;25.593076090508006;17.541176174547417;27.75174717327496;22.25524115269719;17.06426055173744;14.298398676621114;12.970749489933795;25.533592914971088;26.016707898981156;34.54029911748033;24.877796406661627;24.985308336382083;27.720681820978832;34.29510746675082;26.499714251595186
10;3.678815102832858;19.83110344345083;34.615970989219505;20.27522671347007;38.8855184587881;22.967033824486585;35.038589321525066;21.670273566522706;10.834828271065302;24.44657936040168;32.40877608306584;31.532071878014417;26.686626850525442;19.704438993649926;34.08387583183853;27.374902399749896;22.745352169246942;25.56627417479961;38.5365301337535;21.304932863536813;9.987574362742668;23.420930288946753;14.327630564448542;39.4054804414274;32.06037011161715;12.73605653200191;26.58271448176007;32.10598264485327;25.15879095016308;24.91035679109011;25.015371340904775;18.341312457074004;27.184757701656213;24.31220550694272;15.297083491140691;14.891310547782346;11.616749168132234;24.968635051257078;25.161234831112587;34.24407290980958;22.870708070893397;24.063680118008783;27.10595262009158;32.491639281425286;25.701224170076408
11;3.5967009205841194;18.26366996757403;33.76696726248735;19.072313191612125;40.407550972011165;23.005971923904752;34.8128822019593;20.5340743065802;10.657185065674154;22.914084046066062;31.254275808973308;29.253325778116306;25.737325456038423;20.109600457201935;36.2260020891357;25.8208703809413;23.166737385820397;25.754490210504947;35.585426224963534;22.805238404835922;9.922268484218282;23.5957337740449;14.493461597454651;36.56060494034355;32.936385500983455;12.068003359745859;25.691442788914603;31.008732827448103;22.462718912144517;25.530527622967377;23.970237472883092;17.959944705686667;26.72845423916631;24.71078220139716;14.515184577612771;15.014998312730048;11.70593274681956;23.71667601894491;26.334895066101943;32.44170078342526;21.317973773766038;26.806715301196345;27.505576739892835;31.905051284389984;22.955123957070153
12;3.4852763333146783;18.433263646224045;33.530263384858664;18.001259907007015;35.68967608239045;23.045800622596936;33.1914093500767;20.270166053039134;11.054843400142866;21.44741334181574;31.159209252044217;26.320769731383947;24.8920027772351;19.131322356332145;34.06116453497534;24.567999673505707;23.41395871646723;25.78215936258691;33.92530373626323;22.358934462848215;9.357737804851407;23.316485543378242;14.864535810266426;34.812695837950294;33.62751196868814;11.769934630727303;25.254692441132086;30.66673966844399;21.11259913004509;24.288603506379758;24.02684276328411;17.567564436446943;26.36957878588422;24.162971040574416;15.62996219407385;14.807445372176522;11.301403657216111;23.78149734398252;21.947977328169515;30.57368490040473;20.353052866977805;22.637691414239868;27.096412844334843;32.596088809554175;21.640188368965187
13;3.5622464637746947;17.790276977634438;34.594522278230215;18.959639140510685;36.002490495858524;20.889703911891385;34.67513829343908;21.529433419631918;10.853961977196475;20.319610081989413;29.715845085280808;26.67521961681736;24.194489821650087;22.770564698192857;35.17785929118609;24.884714839672604;22.33482358972985;27.15486237310831;34.20422644403757;22.857394175242593;9.48906274625248;22.793633044238696;16.694161403070147;33.90383169139409;38.07401949887635;10.112346699426977;25.983041424065355;29.79150518827658;22.322002316947387;26.48597647892953;25.48394902130488;19.292781817473223;28.48262103647587;26.311640335192703;16.879300883050345;15.514905826445045;12.70518524276868;23.57328480696311;23.096665579038056;29.980232022911267;20.59590964879221;24.025934954578872;26.567610672194338;32.990957114341946;22.55520032264158
14;3.8792253001491535;19.1291604601203;35.207732545543905;21.685741549113807;36.735326140221204;24.99543351502666;37.78419363712245;22.254823609404554;11.50641849827542;20.90037151799148;32.74803203104607;25.663494280937126;27.038725463919427;26.04076422369762;37.927561828019854;25.43970274451582;24.20241169870376;28.501279705537886;40.157853876495665;23.654883968504446;11.808229412856553;23.726845391231848;17.33035130564387;38.664059789282994;40.386115595546634;11.05906021016237;28.69789891910837;32.50754432479209;24.65841971587599;27.37032005099711;27.878421700658336;20.340034692515953;28.516903141252026;28.012525259303345;18.45007377784842;17.704068533029112;14.688401662627037;24.421070661357053;27.22388345150249;30.364721371820654;24.145791247155753;27.65546000181356;26.896056310005612;33.8879332077978;28.124972064804798
15;3.856284709257632;19.2249600931062;36.513388854765125;21.767011611070018;36.34393976370733;25.45097006425201;39.48794096208849;22.212804467463698;11.894774112760889;22.0275459365721;32.910859312251986;26.104607357851407;25.74902676678983;26.059380792547092;37.82849413924238;25.751537082080993;25.33985959609576;29.811607189691347;35.116528368695235;23.15724331977533;10.830850863607456;25.24260076260237;17.281840133107547;36.75585868072241;41.59509452313176;11.442252859640572;28.36027583208533;33.398826687860904;24.883544647618415;25.851310855400527;29.513564576869513;19.27204409426306;26.6720448632398;24.507500540396457;18.157121449500085;17.016031078622902;13.496056154522268;24.6889759155211;27.774373494215432;29.014442458127533;24.319059265566274;25.9145934545616;27.218659780091077;33.32822416640128;23.716311204173316
16;4.264090167195397;22.35849861922529;41.498336342853044;23.737798144732363;39.36383643180987;28.557986231550135;42.25783982320729;22.029511569946227;12.223018983418434;26.79492695057038;39.00677394406493;28.493187718944817;28.630953984633734;27.920647176833;39.72333321779294;29.382545275639384;27.06829859968596;33.83896411485358;39.38316663586261;29.14435062270749;11.56065631588872;26.88762324018883;20.867687598151345;44.092696345866386;46.76866566486129;11.883351870676822;29.038030633052248;38.71500558944076;30.3363967011024;27.919088429869248;31.872739060127707;20.2017996733014;29.647525369932637;27.477658403537497;20.187915462369723;17.641018375905187;12.771357305744338;27.87062702503025;27.057669427917304;30.79375977655765;24.006716866121387;27.261646136425234;32.98915503596165;39.37315397483655;25.467808920719225
17;4.366347002250497;22.34954093134017;40.70689430155621;24.40505637252729;39.99535157991543;28.708115057697803;40.88085308931375;22.494318357442005;12.3019517629294;27.07877929681986;39.7494560642863;28.813994071788606;30.774070838708173;28.96047579439866;41.81946867784001;30.467131375957244;29.372354524431888;33.42962592830044;38.71506469286488;29.01900405436354;11.832552511766051;26.154095559023983;20.530615197800486;46.755702099314476;42.81889323349341;12.290942093570154;32.82353964829395;43.257114357127705;28.26582911652008;29.068820735970004;32.25033581181669;22.24764115830718;31.980304640024166;27.675992768946656;18.586667519468712;17.320533079157713;10.650860922202728;29.184412025270163;27.472084340895886;31.52274557490811;25.732136026710606;28.537447410741773;34.33883585847583;39.87034160985351;28.20300040543388
18;4.851196243774311;24.482428855834;44.13881029202304;27.591005725343987;45.058203914906805;30.120368293856853;45.884351536471826;22.234959804895965;14.253216894107812;28.798786266211845;42.61548147448171;35.18899008497746;33.5346598139943;32.153338767165344;43.6076488576135;34.011401189909286;33.59533915403195;35.08735978041728;41.49708827092946;31.695907579915932;14.185388345673239;31.77640076866571;23.536075901756305;54.55562703583124;47.78068972780113;14.978506800083993;34.06734783185253;47.50638419610526;29.355907280552586;34.36152136949759;36.04422186710506;27.378318452174604;34.3619633288979;32.10942496363834;17.646684520587925;18.19365368694459;9.950614989321734;31.30955028203238;33.99331396762914;38.64382770378212;28.47395093969593;33.20183718791636;36.21055329907582;47.25611486513761;28.644328523041835
19;5.124609019231361;26.531228908847282;44.88156179714833;29.04336103825586;44.86635993046409;32.626153084437945;48.20569820235326;21.834429675266612;14.721445624218674;33.984074096289305;45.71901519620483;37.60586174441086;36.26679870750655;34.111497792947304;45.49628875499947;37.546379393377684;34.53646210060448;40.70293733366414;40.47036953872427;32.973702820149384;15.055809575305554;35.14950575667087;26.79307285725721;55.34503033107685;52.09539029171848;16.727701307589978;37.659115092298755;51.78983272029236;30.09310860400682;34.63535963062617;38.24840543569049;26.08441865445447;37.31310616118817;32.10106720148278;18.767468348164552;19.705828771056254;11.728189919229843;30.68531139988963;38.32185393194869;38.04905422498307;29.894800333069877;34.407901040435696;37.02117749961416;49.50107334219407;29.844344557710535
20;5.611547795913091;28.695017575314502;49.69047972555257;30.57113261104852;50.57888713219185;33.58408415465362;52.95014988506341;21.5530688998555;16.657022215475575;38.73247303348617;48.60122918374809;44.35990336764447;38.64560388246544;36.29756576097493;58.876838912079336;37.30120381670225;39.272892853846905;48.44746146195317;47.31438780433682;34.807622597303414;17.1811679614324;36.25384871240648;28.990307448540808;57.285242618631926;53.784006257870345;16.812397510271467;39.19451791391163;54.54918493691429;33.15544765377413;44.24303027649186;42.35503530289662;33.44208927910172;44.83610512206525;35.87969229907979;18.55489901686008;23.473719079282493;12.771750038245717;32.52987978917075;40.38103929486624;41.158047317821975;29.01140230585951;38.42708999523761;39.58642133635703;54.31487061507877;32.39778039456733
21;5.793259374277467;29.73280073528548;50.968913661221514;31.582533923700307;50.63647659946247;35.94952084634246;55.40941547271964;22.571206256383164;17.00290056812576;40.10633185163389;47.80660361208665;43.20237944494176;41.375296403477805;38.75620163423271;58.1580304062837;38.16103614598706;39.0798580284374;45.73046070515666;47.74552720610555;35.86784228616932;17.929205027566557;36.43769665794185;29.842079436750367;60.08433432183226;56.27925812942022;19.87507371928407;41.58380428040526;59.74156533842064;32.22740047586617;40.99784511476995;45.48899944755172;33.79160593514938;44.52906144763613;37.71755644179764;17.099858354568017;24.663330327112355;13.180966216167844;33.571447236228465;43.40265376599554;42.42574735133808;32.33472762334112;39.6742891662558;40.587196108328094;56.35072356362251;33.944780385592416
22;6.075252693938901;27.959599166250864;51.7792999043261;35.321546578251045;54.65735677974121;38.06015500761067;58.35279829761827;22.527835096328175;17.176672732154273;43.72402709756563;50.66522871015282;49.20773422645613;43.96793030967405;40.43718699875545;58.243373548332855;43.0507405666878;40.342171630975784;47.82973681665277;51.66027786272159;37.799183767628236;17.858624862759306;40.11896569514569;28.275512044041097;61.989652667895946;57.882788011215325;23.270769833790478;43.384022187789526;64.63148230729179;34.903427030539206;42.124265296518765;47.203279106127354;33.34338800433244;44.865254385839606;38.57476752992739;18.882573015423237;25.220847580800175;14.676133385158826;35.322906188558576;45.09407751794984;43.83520362391622;35.63250919979292;41.857071367222815;41.80520326398301;55.733416075117624;35.40847897268348
23;6.268061291545562;28.220737872929398;52.80715513962223;39.10517996854181;61.917831333541905;37.48538077776067;60.64751521789257;22.515565817161853;18.15472568843143;44.212730908246925;48.797765610644674;47.79318454993729;45.74140942192805;41.958589873226565;56.29233495480782;42.61931209407732;43.14533190960925;48.28043818899702;53.873916762015995;39.186645588618;18.47414364443192;40.058502680068145;26.43963241616619;61.056358302044146;60.31077557528568;23.959681765783923;44.17167183567936;61.258953731173534;38.521044859432045;46.35247549699589;47.25131152532093;33.18887584984765;48.74516207610867;41.24252913311794;24.64706689604931;26.55648023504174;15.538615141994782;36.51142437808353;46.13750510831076;46.500900050947884;36.87523578240366;44.22362636980401;40.61303069361748;58.2374620238325;37.60170092893311
24;6.397669675756153;28.308925619189935;53.735106069942475;39.71788728875191;61.51604594809221;39.60912004706845;64.74154707623036;22.5626162804876;18.51604878211656;45.20506953642481;47.56539965775452;49.76620355792371;48.75547615385174;39.99688334135074;58.34078412151624;44.12867347276379;45.56962539501987;45.010265553953424;57.12627462634475;40.5119485280664;18.48547395924765;39.46032215894313;24.481355966104157;63.57924848576023;57.7919622657429;26.119793124082896;47.62856693330983;63.84506013772118;39.75674383897545;48.291528593073686;47.70488169206878;31.14356127795656;48.92763048338924;41.07796208106629;21.512921401603894;26.28148680618444;17.04555185389737;38.90987727436213;50.19864198345869;46.42777446954181;38.70632755483834;43.4507033349955;43.19007579559625;59.50685416480644;35.96938303115368
25;6.733489923648007;30.899830242596177;55.28088342028477;41.720420359058885;63.31886916585614;40.65809497281769;66.42711891580858;22.542906798075137;19.91685116889481;48.032588682571564;54.05668867596177;52.14169034829034;52.079300920026185;42.4057826078552;63.508283980463766;44.18278353157512;48.512687643903945;51.31238329744468;61.44320804145581;43.60612735552334;16.893987157560698;41.462582499467935;26.565782921306113;71.7837015388214;55.62761475233583;25.435380321969557;50.484661626422046;66.28944093780372;40.91256275516965;49.827492965095594;50.36642789380723;31.099704405785726;54.41595444388385;41.282362481570246;22.110804030020372;26.179637098897896;18.996653209910342;43.897398623919095;56.234637659910625;50.39880065524335;37.66308722100214;46.69014396917677;45.272609177851194;56.761217594589084;39.83525180562651
26;6.868787901689226;30.7079661482107;55.33525450081942;40.940575767871664;67.1084529263866;43.27456104792564;66.2019913943027;22.63234968113972;19.17314356167851;46.13291052993957;59.75795417475275;53.739858767783346;56.197431250029716;41.71978167421531;65.11583831636474;43.90687920123593;49.759924353217286;52.13579717741268;59.153766305839504;44.28127156263875;17.577804270989336;43.4085280402829;32.70174353031754;72.82145127788999;57.69495695288338;25.32559311897289;52.9439464094694;66.38260440526925;41.659553775870805;50.354732318098506;47.71982206499134;32.09954564751879;53.3043462822134;43.11450173729553;21.35814434346066;25.02733337698595;19.097109433620314;44.67733767530044;52.2643708860707;51.39116419771739;39.99532591595261;48.18958136373156;50.198805863508625;58.462105685296194;39.89843365479266
27;7.46040469284424;36.2435612008902;61.42510199443678;43.86130411205218;76.72691111332234;44.85817688176227;73.09631194549362;22.71087656344248;19.83645028191665;48.572859017596016;61.28578981163032;62.019201398676834;60.484788467890304;44.11222648853667;68.66811041874459;46.83713622392528;53.655685560941244;54.5134086272298;67.92062004918118;52.70572128683511;19.74434236500347;49.65611859416744;36.29593660630819;79.82508507450393;64.48515567794094;28.79223796499959;56.00161363753975;69.3869414787013;41.775131360832454;50.54392512193545;52.41358112000425;31.52278410363681;53.59578809959882;47.53340888591781;22.691897719942013;26.501932538383222;20.30745990115674;48.69678988601387;61.04197619712721;53.85222268056945;42.68304862862543;56.19634704600385;54.490988769655345;65.80908349755916;43.007308798039396
28;7.902047543454173;36.3112997345532;65.45878383244218;49.8121804494001;80.10334223619003;49.345354353964595;79.84141686820305;22.987941774290945;20.181636574401583;51.22786364427111;66.01025767447105;62.713190940900645;62.633493066462734;45.03204324072114;71.87207726890298;51.79487704735831;54.10452539354328;59.832303632181;75.47870285953691;50.7211654414535;20.390846109233145;51.580564412616795;38.8781312005255;79.1392702880934;72.88110100441972;33.48634179579203;56.15590390666968;72.48626659306014;45.37641136825371;55.18024617564702;55.17150786735403;34.0066815928013;54.15601113663623;49.64315041068911;27.758545349088205;27.166544352214505;19.283037335666183;48.945983260225454;62.93811495247332;59.717803995979516;45.38251262783669;61.933255848232406;56.07874883148444;74.08654194024908;47.26756763154157
29;8.075872795189277;38.13791632834542;68.75285981725109;47.862231775847455;87.42556301597561;51.31589243366077;79.28613939572193;22.885946487406155;19.5997164137549;53.452702036139;70.7774764326905;63.442390109335435;63.07452584770707;47.18444550227186;71.22658143257792;54.178360403628076;52.947710418214534;63.843801781692164;78.3337500145281;53.025399247934956;22.96568191337514;52.54562886849929;39.773819998403596;79.57007109885669;74.5009926630233;30.918575037424922;57.08681260924091;72.72701152708423;48.090413196472;54.162241130212344;56.13602904978314;36.67436756548902;54.86795706772435;48.94998605988683;30.78481109990668;28.551404293262422;21.530997826479847;49.45453967535784;63.55680163826251;63.02605051637963;46.68201740370444;62.032033034698195;57.634041368568646;73.65774791223527;50.09568858161102
30;8.276984787397751;41.04977005140197;71.15068837880622;49.23349033281667;89.18411743102564;53.52218257641213;80.95704725865224;22.30538695072003;20.443130892517647;55.089961916855486;72.80703801009236;63.32902833530339;64.72914753984678;49.65566271523405;70.54656885066247;55.51096702403002;55.66754506059054;63.7231020603111;77.29248870354586;53.200890795760415;24.5820010977118;54.49847717514679;39.101385906892396;81.89213080566212;75.2573709371387;29.34411754505032;61.64739875847396;76.62065572073175;49.703413647740184;54.45471166729082;59.736041315179165;36.738032155512016;56.05350236194534;49.110482597904635;31.271061432812314;28.96674618619106;20.27532216322126;51.72846687866559;66.69501316324957;67.05162270789961;47.91266864478094;62.384060574505654;57.53420651755964;70.26500804538732;52.714427203628
31;8.53430904040501;44.55595943972738;75.55602833242992;50.77307129372336;87.7019554859133;53.72074758136116;84.47307552293935;22.61774991746138;21.510207341424906;55.49452284665908;73.68257703548811;62.2100042030924;67.15631057729216;52.57018286294617;71.52290195448612;56.719092566602015;60.685969090730026;66.46103419672407;80.51171494358633;54.36203454128685;26.519629901711905;54.0730670541533;42.15240302144739;82.66161198496633;76.21372142796248;30.389675864379317;62.36507338114193;77.24171228510454;48.32635021043302;52.1101706050193;61.495972575781465;39.67752114282844;61.88223597612801;50.73981975970433;32.159012299827;30.818515045321345;20.801895893474615;53.02567866929437;66.40333693745696;66.14656061900007;50.32424977913288;62.693570464970016;60.69272255096595;74.00851117207073;55.67125678005209
32;8.972189897594944;43.26287065903197;76.93569313951458;54.81880700139497;90.84826887369334;58.520960383516176;89.6353285856122;22.330171529982472;22.790914682224198;60.847305328703484;76.58158035258501;67.41217229660998;67.12976424970424;57.21369766322264;76.11279696787908;59.20097321362697;61.695231901530825;68.20509284685966;86.32817226280093;54.60487050603528;26.92912512194347;58.37572535267842;46.18889916019672;86.5058260925398;79.77343666393202;31.57051968663015;66.55872792134357;81.93110388381771;53.47559379820432;58.00315561572765;63.693813675766464;42.75373227875949;63.171990101395025;51.88352220125321;33.20197495814853;33.066668379044394;22.104524048504544;56.55890325442533;68.70960078255968;67.25523629145617;53.53366437764263;68.43220620599493;62.94905399116455;76.71309651728313;57.339695564073246
33;9.372124277621367;43.41380781260799;80.74114881469303;57.554131221601345;96.18079645790412;59.352331178326224;93.99798370618628;22.40118162080419;25.7066740078035;64.46761781000484;83.09207358902243;75.53884542724532;68.0209767343778;59.21890193645872;80.67652803865602;62.535396764266025;64.37840432126688;66.5616916231181;92.00224142091558;56.86840589397099;27.44284497270813;62.11751509477058;46.95871357485552;94.53997500510974;80.91002044318067;31.936369762142025;69.14859515498338;85.15955526810725;54.62512449563162;61.750496184432016;66.64130104815509;43.76723059818322;66.11088524923456;51.358444695726476;32.13669908777422;34.73697259846701;20.798817112635916;58.01342508353049;75.79079991159061;73.36080823660129;57.45663626477563;71.31192576464362;64.18003940920514;78.58253619066767;58.68298386201041
34;9.656124389792112;44.46170926947207;85.34329177179791;56.246414405432155;99.6648110897623;63.87612227053023;93.7978654794826;21.536625383793847;26.346446794596805;60.17202012578272;89.34036197108492;76.78773017915789;69.07163264156641;61.31760290764636;82.20933806158335;61.903148089369665;65.9515683893287;77.39926886758657;96.02151455149543;61.55688464185971;28.23270714188694;61.378755924720906;46.118852348480694;96.65308221566426;87.55093576359258;31.334852416764637;69.57387228394623;84.73751293488264;56.28261247308999;65.43200098679264;65.79164453821754;46.72217602719406;68.175764723144;57.13599598327173;37.63083674313069;38.27839085210775;21.145425770035928;58.858805695745545;77.33501767385944;75.26770552033886;57.2834969160097;71.32133306107524;65.369795842227;83.01867659022287;65.12272587792374
35;9.479505846473328;46.46550785471265;89.16360589569213;53.27372089796691;100.29350298704985;65.29224932849364;88.82498251005259;21.03188706899062;26.355107900018098;62.57531846111984;86.47080038880155;75.28048131352648;64.46803909016664;59.32986936820179;82.5296823756366;58.28848389103467;63.23241044464708;75.49458445916947;87.63649688716238;61.62843858122981;28.35832154076726;59.93084174154535;45.64459862136537;91.68311492461834;85.62435558843022;28.644298823143387;70.45460887448115;85.694604529462;58.21391702800335;64.01162728424505;63.594858735598;46.76203323921945;65.74579612672164;57.35938109098265;38.14520002158039;37.56823779313841;21.347990591594343;56.917933750602586;73.17631556804712;75.52429685108098;55.26931154645158;71.61552518097103;64.63399477812433;84.14100285524614;63.06910587144969
36;9.45913380539126;47.18593194592976;88.93360181513657;51.895208782214816;103.01188089466822;64.7523091620842;88.47203396460264;20.846599657859358;26.303206152690656;62.953331206090134;86.16470566875122;75.91896952693983;64.6921335219435;58.09788195016555;83.43251772008894;58.95626279123668;63.941853979191734;74.6138681181292;89.87259695828679;65.85230331449863;29.80667094114393;58.33505122644277;44.19555925028998;88.35681225029698;80.90502125795813;29.98893071074279;70.99341626434799;85.98809938780533;54.87891648369833;60.44798214623883;63.21718134604024;47.81333693925202;65.47220857029194;58.050563268897356;33.17933691835384;38.0816497202083;23.624519492561095;59.400243872573355;72.89272105207019;75.27465583744043;53.94566811097646;71.10139182848052;66.31598704903308;84.99079983748459;63.28480111156304
37;9.844931545960817;48.4787019125833;89.65518763613281;55.36232653519468;104.97598214577867;63.13167596419195;93.0043109818108;21.991419099919195;27.97706789826378;64.67981518537054;94.64371724619318;77.98563655066727;68.46736002312073;60.828390628562026;84.10934842605278;63.70735231839889;65.38317061024578;75.21057656462614;95.8150070247081;67.51760155353135;32.57239489514588;60.35116971210114;46.14249757031514;91.841135201503;84.15703580568722;30.34502153247803;71.55469475588067;91.27486285045153;58.13286606915409;63.888580025393296;67.14513667173627;50.94535891470494;68.8653399385605;61.527535689842075;36.37893342590578;36.97705592865812;22.58819118588211;62.75630789575713;76.87179023379906;81.43723318082824;57.51370990273884;71.75177929499168;68.47769942737332;86.73615603544205;66.65195200598964
38;9.709189107557979;45.112753304042855;92.68839651093987;56.061619618743855;104.35759454842805;61.24117262262258;90.68563916794058;20.880848535487385;28.604073553135944;65.99249958822281;91.56697337368402;78.22250462547208;68.60054929580443;58.897614387636246;83.96557996212627;62.17508129670316;64.38986691955009;70.56324193897875;94.37420170693386;63.717750745656;30.969454567123417;60.734643052279424;45.609691805519745;92.08290443420536;87.32292135233976;30.91733953569952;67.75619130930676;93.85352261956818;57.00332300867653;67.12853987890564;66.13716658203921;48.29869369114574;66.22805550670688;60.29997861784279;35.694212820258805;36.7497384591357;21.97380494379907;61.95738528402698;76.69200024722473;79.58807012756952;59.59346492067489;72.52776304400282;64.79205900871762;82.82989354416425;64.8673827745226
39;9.72826271589213;41.85462303348468;95.85121448399575;54.52464246763533;101.57993244894786;60.78405153772542;92.92968760230322;22.07366393329813;27.942108353002855;62.5933303673197;87.22864711525129;78.58921125162493;69.09452061489343;57.539999150937305;82.73070422526642;62.9592639412784;66.55990673833594;73.06258182536955;94.88740112738117;64.83951444850395;31.901883189931755;61.851947454041856;42.6971093958393;88.84402430412524;85.65290552772353;30.450828923820623;68.99088440834188;97.57010408372537;57.735086734184094;70.03390497149555;65.82838821382592;46.95181890024013;66.8471585656315;60.951212645947116;37.74691130093035;37.871030175381044;24.047703464055616;62.298950261477785;80.37131452605989;83.3030364492906;58.72278878115845;71.46539873320981;65.28350949328537;83.7384536973115;64.36921782006362
40;9.186825068842179;41.49792443873005;89.63504249384864;51.21284407858765;90.64339879596977;55.983333663752155;91.52519070219832;21.030053683821688;25.683218294081904;56.99756339954464;78.70141036546914;74.464322529254;64.84284429633931;54.3660255054753;78.04354179348798;62.51115013186565;61.68812336912636;73.01353771052676;89.23998840487393;59.34062577221113;29.965774183646786;58.54428978075376;40.04842763055806;88.90584684552721;81.25943913685332;27.218772210774272;66.45535967487639;91.33618507886405;56.973942067436056;67.35639233587747;63.60682523776655;44.47110724123057;67.366273833781;57.17496967619042;40.501527899035075;33.54724576384871;25.95196377406271;57.30190809042504;74.28272586782091;81.15797125411093;54.909032928982604;66.03783113897103;59.12369024860224;76.74393578407098;62.24148507401207
41;8.851333226389265;39.109102794413765;86.4559808451732;48.57220713138444;89.3032501414249;52.72286061399226;88.09531278168002;21.632121094131996;25.881807812608297;53.36565370377707;74.6610927359056;69.89301983245451;62.171437509188486;53.61831795859591;80.75906948206816;60.14606026905729;59.66794843331985;65.77177648745764;86.58278282307481;56.84870698849821;30.506306518082983;56.63186381313196;41.72352827422719;89.06558730092597;73.86286452924942;24.798529668609145;65.45382509059297;85.60375049820854;55.43505710893564;66.32364665465454;62.06045083188114;42.57549198069575;65.98551503342944;53.13408234200375;36.73292679458095;28.842119798807502;25.188663012695724;55.418104332599086;73.3154636602237;80.09401629551128;53.896666337549135;67.96745873949791;56.53233374592218;72.35502320202829;57.08900318184465
42;8.247062162965019;38.32542059942839;80.79782735495648;45.36086883558506;81.86092775029216;47.506312922515406;83.47899872934019;22.67919707739082;24.329588357791906;48.146222089080396;71.10237138782915;60.67107668741071;57.728228130655026;51.147841451810294;71.85368262204172;60.40798837115058;54.66555568291246;58.607528769569306;79.88657463536927;54.55325803482628;28.935023977358277;52.25377410703371;37.53717724813542;84.55981149110808;68.69514020176334;26.21887356913506;62.428775798909584;77.25554465843904;51.82272464307801;62.02868446564538;59.138848487842786;37.488549970130194;58.58950634085828;48.305814266668754;30.159319521406236;25.26322216625905;23.54541514760976;53.63829264630642;70.00279559531101;71.55424369835347;50.00799254952547;62.07835234420551;54.234013681020464;70.16178168909242;54.42286601909271
43;7.959855102733278;38.14829610040018;79.29094476250962;43.618932854299395;79.73145873626932;47.44732964808039;79.48562758980543;22.654823510765304;24.61197801968468;47.39125501447635;70.58911390823802;58.92964949786253;54.76204989539676;48.871693810689;68.20088016182501;57.05724901182452;51.78521383541016;56.598718319320525;78.68911123143752;51.57776896908357;27.83277270610483;49.366062811591206;36.83316579423512;77.7344559660184;67.6453473070203;25.804510587668357;60.4939258093895;69.84293403685702;50.22822108277499;61.88788629779957;56.30649790764394;35.79594949556048;58.28639237547558;51.770236407260526;28.205835512551165;26.297011109853045;20.97867558745601;54.06363968171743;66.66902341886065;72.22147562641304;47.01678424341578;55.900730118675156;52.03700743290032;67.1811250937499;52.16241356950626
44;7.345416407918566;33.998197124275435;72.03104994555977;42.445959391448056;72.71695510163828;45.626005825852104;71.89106725927472;22.28422693475156;22.723899027060227;43.096170013861595;65.68901118223212;53.1851134210918;53.63312570309184;44.31034040932022;68.19233348912644;51.47809828837748;48.56859795580488;55.0583461424799;70.80645250272406;46.26346785989613;22.625141194586515;43.61152589563161;35.30396367902991;69.30435737849298;61.29137189298257;25.006219812664675;56.20045662987413;63.57836613540633;46.224527315420424;55.06353478339734;50.05979654986012;34.29168971589564;53.91509489593037;49.49917901355827;29.377454216352927;25.97907215338569;18.59441838782649;49.177312327454814;59.33258829696474;64.16429787726017;43.630621744807804;49.606934971699395;47.81134654524878;62.753944783502135;50.0596190543619
45;6.7877032508191775;33.2281294234936;67.53639611252173;39.47581952333601;65.77602970468;45.54001667244813;65.57903350500467;21.690405581437634;20.55884120203931;38.94708486287873;59.47016400217048;50.65932333347085;50.9739932682522;36.05966286298185;63.295988678127955;47.08775275489129;44.43030372635275;52.15708943890217;66.09369835687298;45.88984858554135;18.711970790534423;37.888261842210966;34.71284733820097;61.835043934872516;53.43986231721745;25.119267091761614;52.27970102918709;59.94463404835362;41.429635447746485;52.482272571120504;45.29548118356288;33.05678503745385;51.94948956176785;46.89101007160272;28.727012746420005;27.463606428902754;18.192860380558496;47.09352812552814;52.086184100804545;53.08050449393718;39.036400110798;46.99553261176282;45.809803707624944;59.220473142340055;46.517246579438286
46;6.041710826507954;29.409300106171106;55.805972383514856;32.995842572949755;59.92733157820651;41.89116391157269;59.49561132084261;22.25594385633842;18.24646659679864;37.567879734736465;52.37020270022374;48.38534995079205;43.97239227332302;31.304997946157126;54.852540251875695;43.30905840696602;40.12688600426825;45.78009898220496;58.76533513537638;40.26013858902359;19.375650713346328;35.39337973894084;30.00852491673624;58.30245865105831;45.77066249030817;21.39340770900687;48.064596760542116;50.17481654881969;37.2487933873412;40.00155416271448;40.740055942805235;30.19479029951827;50.0283061351259;41.76072776937359;26.96872853553022;23.13117521605498;18.93025087545342;41.3944323264826;46.10548579956263;47.68396522233949;33.13962512831072;39.45889659839536;42.945290617895346;52.572178565323824;39.80320972709584
47;5.3028681324742735;25.680859514156268;47.23462133428997;30.83395492221855;51.95183784191764;34.86694052013107;54.90870121241621;22.49746399070897;15.648288880976494;35.51516521966372;46.94973636901565;44.180088640613924;37.91543285293311;30.628081695589437;47.61358106541182;34.312321201489624;34.05321420429927;39.14538683804502;48.32704621370173;34.42563235297425;16.384497528693647;33.7700674380021;24.331599315188928;50.41950705434336;41.58082906509162;20.47149328553097;42.69211907032992;43.37467565642862;32.63706620395462;33.462831355909586;36.14831944445796;24.436554121896986;44.77753174677554;33.97322736067749;23.694978261981344;18.29098725976956;16.57291470910055;34.74002696260185;40.486525833835344;43.583819446699664;28.858634134648653;35.75420511153749;39.02371984491003;46.33585433978707;34.506880616905825
