phase,dss_name,pp_index,n,mae,rmse,max_ae,mbe
a,mv_f0_lv_abdallah_marengo,300,48,2.901110035784517,3.534368812524691,8.4920417698713,2.762743677360172
a,mv_f0_lv_ahn_2k,444,48,4.895555478988933,5.413593837480427,9.662696945004251,4.895555478988933
a,mv_f0_lv_ammunition_dump_30,519,48,1.9386962593290908,1.9796294288833536,2.793215366824997,1.9386962593290908
a,mv_f0_lv_anderson_watson,502,48,39.63556107985636,43.098983111803705,65.05574297135345,39.63556107985636
a,mv_f0_lv_ash-jones,89,48,3.387519775773953,3.945062315463335,6.611775161090868,3.387519775773953
a,mv_f0_lv_ash_livingstone,694,48,26.82354232718809,32.581171172468345,64.5153376777708,26.82354232718809
a,mv_f0_lv_avenel_101e,333,48,7.138477988556396,9.530102939205888,19.19355887856502,6.285970061541707
a,mv_f0_lv_avenel_18,583,48,2.6447786984214754,3.2426397261103452,6.507745182287412,2.083067168985649
a,mv_f0_lv_avenel_82e,439,48,2.3170301150926336,2.4782266508719863,4.00539785934469,2.3170301150926336
a,mv_f0_lv_avenel_84,531,48,5.012298472406825,5.640085606153217,11.30428586114705,-4.002908839986318
a,mv_f0_lv_avenel_93,318,48,113.07745664487636,124.49059247108707,199.11521844205544,113.07745664487636
a,mv_f0_lv_avenel_98,370,48,33.48835796355274,45.463293718886256,103.53073269996145,33.48835796355274
a,mv_f0_lv_avenel_rd_13,208,48,5.899833159590394,8.074268462728549,19.945232396203316,5.714633096974899
a,mv_f0_lv_avenel_rd_8,224,48,4.52383296173323,5.4612900904767985,12.753764513382045,-4.1574691410191775
a,mv_f0_lv_avenel_vineyard_1,346,48,3.563573137064791,3.732622773197413,6.936454513326048,3.563573137064791
a,mv_f0_lv_baiada_1e,227,48,5.146334839371835,5.921567428656648,12.789907784999698,5.146334839371835
a,mv_f0_lv_bailieston_east_12,622,48,286.8678808778166,310.3453984330277,548.740200302786,286.8678808778166
a,mv_f0_lv_bailieston_east_4,141,48,2.696546903799671,3.2547766560324503,7.156810443339751,2.6749330838333214
a,mv_f0_lv_bailieston_east_5,608,48,35.64729975694677,49.10972328146796,150.69472550338818,35.64729975694677
a,mv_f0_lv_baracs_4,528,48,12.224442854854075,14.675451204696657,30.173547874595236,12.224442854854075
a,mv_f0_lv_barrabool_3e,702,48,39.572299355063315,52.70635268824634,128.76508474818564,39.572299355063315
a,mv_f0_lv_barwon_murray,253,48,5.586592566634551,6.182319845011523,10.39338032417026,5.586592566634551
a,mv_f0_lv_barwood,499,48,3.651868519041903,3.903364548875077,6.897711684019306,3.425679114075732
a,mv_f0_lv_baxter_rd_12,449,48,5.363444980241883,6.067310333473342,12.086671208274183,5.363444980241883
a,mv_f0_lv_baxter_rd_7,120,48,60.05468764067251,66.00781510073968,112.83398485819991,60.05468764067251
a,mv_f0_lv_blackwood_park_19,290,48,2.7678380156831035,3.0181722326998024,5.006000363492831,2.7678380156831035
a,mv_f0_lv_blackwood_park_20e,546,48,9.490408354579165,10.127274536758936,14.663829641589833,9.490408354579165
a,mv_f0_lv_blackwood_park_24e,345,48,8.827599012691252,11.251327254810034,25.53520022983492,8.630876013488185
a,mv_f0_lv_blackwood_park_25,389,48,6.308472363799552,7.024631529661623,14.550969148435286,6.308472363799552
a,mv_f0_lv_blackwood_park_27,378,48,108.76741788038821,122.44704469934979,222.19213485268054,108.76741788038821
a,mv_f0_lv_blackwood_park_2e,710,48,8.679744483404038,9.13766511551985,15.015701263969913,8.679744483404038
a,mv_f0_lv_blackwood_park_4e,262,48,7.571228955537655,10.292614138100816,25.988022374772797,7.476651822200803
a,mv_f0_lv_block_3,364,48,1.5730333160013903,1.5853988748838204,2.110613232126954,1.5730333160013903
a,mv_f0_lv_bore_4,512,48,41.18826484383673,45.91026942889615,75.35255025555614,41.18826484383673
a,mv_f0_lv_bottling_2,340,48,2.0083513940628133,2.085821285460337,3.302214485207888,2.0083513940628133
a,mv_f0_lv_bretting_2e,679,48,9.418976164290214,10.72580612958836,29.727800666647372,9.418976164290214
a,mv_f0_lv_bretting_9,621,48,6.64341380052543,6.996761250062264,10.441753041469468,6.64341380052543
a,mv_f0_lv_bunganail_2,497,48,1.3094377872450222,1.3095388163072832,1.3359359396573947,1.3094377872450222
a,mv_f0_lv_burns_park,615,48,1.7252187258282758,1.7315748892078482,2.5981393640557906,1.7252187258282758
a,mv_f0_lv_burramurra_1a,198,48,102.68807289498177,116.67910100266947,232.83795805654196,102.68807289498177
a,mv_f0_lv_burramurra_5,681,48,3.4604727233067627,3.5229113272072285,5.417450987420306,3.4604727233067627
a,mv_f0_lv_bush_pea_10,164,48,80.68266209175614,85.3732010790431,196.04928186252286,80.68266209175614
a,mv_f0_lv_bush_pea_12,506,48,408.5368110922961,439.9607260159807,664.5170066188222,408.5368110922961
a,mv_f0_lv_bush_pea_15,429,48,6.060457878962789,6.682720478014246,11.18133120573403,5.864956841353141
a,mv_f0_lv_bush_pea_3e,432,48,68.44042667981104,71.61007222753496,118.86087280642684,68.44042667981104
a,mv_f0_lv_bush_pea_5,670,48,116.43088485081894,127.5567582053234,272.3706079524763,116.43088485081894
a,mv_f0_lv_bush_pea_7,50,48,21.435534354277948,27.53280247732732,66.33866025962844,21.351829621415337
a,mv_f0_lv_bush_pea_9,135,48,14.298635798196676,14.880968819291661,22.769855153531452,14.298635798196676
a,mv_f0_lv_camp_pump_12,355,48,5.093226470218477,5.337661294804937,12.75105974759714,5.093226470218477
a,mv_f0_lv_camp_pump_13,617,48,13.54278289507115,17.584443685071705,38.0948928299904,13.54278289507115
a,mv_f0_lv_camp_pump_16e,663,48,6.115261885745123,7.139226081583325,23.097761385257773,6.115261885745123
a,mv_f0_lv_camp_pump_18,550,48,78.77874660720643,83.97190283096322,133.7865057881609,78.77874660720643
a,mv_f0_lv_camp_pump_20,642,48,43.256399307061685,50.1834443090229,89.49207643533568,43.256399307061685
a,mv_f0_lv_camping_area_3a,466,48,4.152968517417496,5.147665688865635,11.138700198761471,4.152968517417496
a,mv_f0_lv_camping_area_4,573,48,1.7658291037717238,1.7784201273799514,2.3735903479646487,1.7658291037717238
a,mv_f0_lv_camping_area_5,329,48,3.1635616211054742,4.323953125947432,9.13424727938942,3.1635616211054742
a,mv_f0_lv_camping_area_6e,634,48,20.926112592390282,22.371721020535084,36.33617378352716,20.926112592390282
a,mv_f0_lv_camping_area_7,344,48,2.8962379293322846,3.1377683302666846,7.545899274664105,2.8962379293322846
a,mv_f0_lv_cemetery_3,541,48,9.58609668274925,9.792681786449,14.452968114140269,-9.58609668274925
a,mv_f0_lv_centenary_vale,401,48,4.989277217228201,5.20673408615069,9.39803198215025,-4.989277217228201
a,mv_f0_lv_chateau_pump,324,48,30.35513157032877,35.488557111024924,59.208620716305965,30.35513157032877
a,mv_f0_lv_church_high,381,48,4.633939176962195,5.109631064069639,8.674473785185018,4.633939176962195
a,mv_f0_lv_cianto_2,542,48,99.3195815267065,106.74266551021749,163.44628646672072,99.3195815267065
a,mv_f0_lv_coaxial_2,22,48,24.582859537340486,30.4785190138375,63.122089878249845,24.582859537340486
a,mv_f0_lv_coo_2,446,48,96.1075449720884,103.41641560023717,160.9968733037791,96.1075449720884
a,mv_f0_lv_coolwoola_15e,570,48,39.51293516043888,44.541729503772544,63.03469927907149,39.01826262070287
a,mv_f0_lv_coolwoola_2,351,48,1.1212058039973452,1.3461723185027372,3.457240180189899,0.019750040680628727
a,mv_f0_lv_coolwoola_25,137,48,3.691466683424551,3.7318389295630308,4.730709316178178,3.691466683424551
a,mv_f0_lv_coolwoola_5e,690,48,29.7668596682926,34.18803134172781,71.01268265137458,29.7668596682926
a,mv_f0_lv_coolwoola_6,63,48,5.550201747832655,6.332090800489082,10.269698664592818,5.1707546402839935
a,mv_f0_lv_coolwoola_9,142,48,160.89388230282125,182.7137460215297,331.38150705832567,160.89388230282125
a,mv_f0_lv_coombs_2,284,48,21.331260754602535,23.969238717263718,61.54287638918848,21.1883636509957
a,mv_f0_lv_coombs_4,297,48,2.6848651229347875,2.915455757692391,6.361976639764556,2.6848651229347875
a,mv_f0_lv_coorlong_7,95,48,1.4158018332889377,1.9280259992307864,4.50479715737527,1.2993127569925966
a,mv_f0_lv_cro_4,687,48,1.696856433052807,1.6991806050203884,1.8085541917107673,1.696856433052807
a,mv_f0_lv_darley_1,509,48,2.615748695500198,2.950035294204951,4.771056688827951,2.615748695500198
a,mv_f0_lv_darley_2,491,48,1.7771510779826254,1.8272054776327524,2.683771702865789,1.7771510779826254
a,mv_f0_lv_darley_3,64,48,2.596821591589629,2.762370511051356,5.9700762661606355,2.596821591589629
a,mv_f0_lv_darley_4,21,48,5.469892091064499,5.5346779868637626,6.768824457591272,5.469892091064499
a,mv_f0_lv_darley_5,478,48,8.883170381610716,11.33774581388157,27.47944177423047,8.883170381610716
a,mv_f0_lv_darley_pump,564,48,12.345548328727409,13.54890363612849,18.936197477149765,12.345548328727409
a,mv_f0_lv_driffield_4,247,48,2.3721403868294724,2.4637880128735654,3.531027716285839,2.3721403868294724
a,mv_f0_lv_eatmore_1,310,48,6.596179195951289,7.590490031495784,14.388630347044412,6.396659511569062
a,mv_f0_lv_eatmore_11,312,48,4.7797103147368825,6.700371965883049,14.370679322911645,4.7797103147368825
a,mv_f0_lv_eatmore_13,354,48,5.558536258316646,6.084205231993038,9.571222307309618,5.558536258316646
a,mv_f0_lv_eatmore_18,330,48,133.32425906402628,147.82666636940561,225.197092637851,133.32425906402628
a,mv_f0_lv_eatmore_2,604,48,32.2630374994693,48.88335453460436,145.67081974067207,20.07828195756594
a,mv_f0_lv_eatmore_24,714,48,19.350951537630365,19.670345370786936,25.795294219946946,19.350951537630365
a,mv_f0_lv_elloura_1,645,48,7.229277495376045,8.35412862435229,15.151315095109716,7.229277495376045
a,mv_f0_lv_femino_2,161,48,4.877329001740606,5.246405014339546,7.2092247411652295,4.877329001740606
a,mv_f0_lv_gallizia_2,588,48,4.466507116284176,5.151495307123562,13.891292630929104,4.466507116284176
a,mv_f0_lv_gapoli_5,316,48,151.2045963906775,167.97307764320303,266.03444502076167,151.2045963906775
a,mv_f0_lv_gaze_3,103,48,16.28624645864644,19.939038158435427,35.68867155038389,16.28624645864644
a,mv_f0_lv_gaze_5,459,48,4.109332641951146,4.577569373794055,8.795505417860461,4.109332641951146
a,mv_f0_lv_gerrard_4,210,48,86.10351619112312,98.85253472278524,203.78732119859507,86.10351619112312
a,mv_f0_lv_gerrard_5,225,48,2.101014030637239,2.1389719499649686,2.9947918430580494,2.101014030637239
a,mv_f0_lv_gilgai_2,619,48,2.715334418249128,2.9952090316637268,5.2748290951157415,2.715334418249128
a,mv_f0_lv_glencairn_blayney,484,48,3.333235539692,4.357342599738451,9.166029707926143,2.4368090081242646
a,mv_f0_lv_golf_club_2,116,48,35.54906893964018,39.39350573781644,72.23672660067056,35.54906893964018
a,mv_f0_lv_goulburn_filson,61,48,4.098464767698632,4.661736266683619,8.27537265460017,4.098464767698632
a,mv_f0_lv_goulburn_redbank,171,48,1.4804937396726208,1.5298607767417225,3.919517302417842,1.4804937396726208
a,mv_f0_lv_goulburn_st_13,399,48,3.8821798969742822,4.795569913476446,11.73374764553692,3.8246813917837925
a,mv_f0_lv_goulburn_st_25,242,48,50.45321296466815,57.30301465702581,122.0587328090478,50.45321296466815
a,mv_f0_lv_goulburn_st_48,107,48,2.235785598840113,2.601594581167205,7.16695730330742,2.235785598840113
a,mv_f0_lv_goulburn_st_65,90,48,14.637970425934364,16.386342862414747,29.90824124591683,14.637970425934364
a,mv_f0_lv_goulburn_st_78,166,48,3.530635186925494,3.9795459653427505,7.961278407196916,3.530635186925494
a,mv_f0_lv_greenham_1,270,48,138.5285438369975,170.33217593890976,366.32546995654906,138.5285438369975
a,mv_f0_lv_greeve,149,48,4.535665403682477,6.100427953733752,18.69164076589717,4.535665403682477
a,mv_f0_lv_grey_box_1,527,48,8.813030586278742,10.029941724282873,21.229451354681963,8.353928921711658
a,mv_f0_lv_grey_box_2,610,48,14.186185183592928,21.763923985546008,53.51397400109599,13.711448525086196
a,mv_f0_lv_hanley_mallett,257,48,4.215181928348219,4.941196908310981,11.954387409681054,4.215181928348219
a,mv_f0_lv_hately,427,48,6.2153746311472515,7.270974660897677,13.908406939956546,-3.925361262720205
a,mv_f0_lv_hately_3,644,48,115.54973612884477,123.77805075541521,207.1529393370553,115.54973612884477
a,mv_f0_lv_henlauren,136,48,210.17655895389953,231.1730422134824,396.2514729819416,210.17655895389953
a,mv_f0_lv_high-prentice,49,48,1.4938312167778856,1.9759886442311172,6.073007062190097,0.7199125158865236
a,mv_f0_lv_high_cemetery,172,48,2.94515132580629,3.1294194024973594,6.021918152122861,2.94515132580629
a,mv_f0_lv_high_curramar,584,48,5.222369266986703,6.3687461967670975,13.486941193961762,5.148574641027941
a,mv_f0_lv_high_glencairn,150,48,2.551373827098941,2.8234411341947543,4.787216427535868,2.551373827098941
a,mv_f0_lv_high_goulburn,275,48,1.3724209782567531,1.6899671294112006,3.151282879360366,0.8775962085135728
a,mv_f0_lv_high_vickers,515,48,11.666376277720792,13.896701906193835,27.722740405315974,11.625399371302487
a,mv_f0_lv_hughes_lime,343,48,14.992976559212984,16.24999167927997,33.25308905058576,14.992976559212984
a,mv_f0_lv_hughes_wedge,535,48,3.799631327135772,4.196371631650098,8.210693233297704,3.424655366395175
a,mv_f0_lv_hume_redbank,605,48,12.265037678071806,21.059085087332345,62.493882341661205,10.854840389813354
a,mv_f0_lv_indus,462,48,1.5663799214710352,1.8324429265894677,4.307754720796022,1.3511275142372978
a,mv_f0_lv_jones_hume,281,48,2.6179294089182217,3.10783970220657,7.666151754080396,1.2163209866539961
a,mv_f0_lv_jones_smythe,486,48,9.416318801328458,10.731871886038322,22.904103595313636,7.376870027215932
a,mv_f0_lv_kean_jean_claude,674,48,2.726099531602859,3.4186998737496044,10.232561824013214,2.717916543153452
a,mv_f0_lv_kennedy-coughlin,666,48,5.558848373486203,6.99389140373166,26.32719223604638,5.511096521961885
a,mv_f0_lv_kent_hughes,554,48,17.542812077490844,19.058754337953395,29.090873405230003,17.542812077490844
a,mv_f0_lv_kirwan_1e,713,48,9.478736313300425,10.269440981992512,22.375273467651187,9.478736313300425
a,mv_f0_lv_knorpp_2,482,48,30.666345362861893,33.19982322582676,61.096505218646996,30.666345362861893
a,mv_f0_lv_kobyboyn_goulburn_valley,246,48,2.654858567275068,2.6712175021691413,3.2181992008825695,2.654858567275068
a,mv_f0_lv_kobyboyn_red_box,115,48,1.8188102258228012,1.834564279661059,2.3493903623997987,1.8188102258228012
a,mv_f0_lv_lakeside-tahbilk,276,48,2.357402861682233,2.4760161832610286,3.5233304196049176,2.357402861682233
a,mv_f0_lv_laundon,529,48,5.506577989758825,5.5982323550448365,9.764081699772916,-5.506577989758825
a,mv_f0_lv_laurel_grove_14e,266,48,94.25446032194895,110.35316139140706,232.86992350173117,94.25446032194895
a,mv_f0_lv_laurel_grove_14f,14,48,74.1021123986914,90.76247062668934,211.0112576253027,74.1021123986914
a,mv_f0_lv_laurel_grove_15,189,48,5.804473671304901,7.4802519951566655,16.91083346622133,5.804473671304901
a,mv_f0_lv_laurel_grove_17e,176,48,1.462109293697055,2.272555012658014,8.597930186587387,0.7083660978096488
a,mv_f0_lv_laurel_grove_19e,165,48,10.460077131144631,11.08064370389827,18.187589864327858,10.460077131144631
a,mv_f0_lv_laurel_grove_2,56,48,5.599145275639216,7.513946045051886,31.063777978314533,-2.4977670456575405
a,mv_f0_lv_laurel_grove_21e,414,48,99.4670057253356,105.10344062639402,168.62977602196068,99.4670057253356
a,mv_f0_lv_laurel_grove_3,83,48,6.131467004684197,7.979919487329461,24.86785701816267,4.610291756147082
a,mv_f0_lv_laurel_grove_9,214,48,51.26826934638877,58.27265511412309,116.34234571349045,51.26826934638877
a,mv_f0_lv_liberty_elloura,15,48,4.87492548272268,5.243906500953796,7.21147579989173,4.87492548272268
a,mv_f0_lv_livingstone_ash,682,48,12.963693735090914,15.384037772315102,35.52043540701481,12.906198672454977
a,mv_f0_lv_locksley_2,154,48,17.572691757004037,20.810080836191712,38.716719888452495,17.572691757004037
a,mv_f0_lv_locksley_5,152,48,3.236439643595549,3.616063376590623,7.070857348066935,3.236439643595549
a,mv_f0_lv_lore_1a,99,48,6.363237873582776,7.920629397421732,17.063398412148516,5.430250885993924
a,mv_f0_lv_malpark_2e,201,48,1.714215119082694,1.7161747414970574,1.8178807539655186,1.714215119082694
a,mv_f0_lv_malpark_3,230,48,8.82469818312431,13.117948385904441,39.98493652772609,8.82469818312431
a,mv_f0_lv_manga_13,633,48,21.29277725139402,27.63923571665199,68.5900293016518,21.29277725139402
a,mv_f0_lv_manga_15,96,48,54.03455443519593,59.718457045566424,102.64134038611655,54.03455443519593
a,mv_f0_lv_marengo_5,289,48,6.795952990981917,8.257459249883489,17.96634161022847,6.7546516677041275
a,mv_f0_lv_marianna,451,48,3.133897662285211,3.6374816192836668,8.214060682138324,3.133897662285211
a,mv_f0_lv_marie_high,452,48,6.758796905589691,8.105772871802253,20.55468504864818,6.748286172790586
a,mv_f0_lv_mcgillvray_4e,147,48,31.051304314154663,37.31568620440574,64.24311844856885,31.051304314154663
a,mv_f0_lv_mcgillvray_4f,175,48,7.526982419554752,9.135190846656506,21.527141237008877,7.526982419554752
a,mv_f0_lv_mcgillvray_5,163,48,19.132884630550524,24.626708796461728,45.51400430496603,19.132884630550524
a,mv_f0_lv_mcgregor_10,160,48,3.4364403157161547,3.832604804472479,7.922573725233672,3.4364403157161547
a,mv_f0_lv_mcgregor_6,339,48,4.224846600739373,4.97432839299041,11.553891852002899,4.224846600739373
a,mv_f0_lv_mcgregor_7,356,48,6.856533213002442,8.289111887960953,23.736023804566187,3.8326897389398056
a,mv_f0_lv_mcgregor_lotus,169,48,2.366635395673116,2.650955504275799,4.5412898488336,2.366635395673116
a,mv_f0_lv_mcleod_road,703,48,5.267156117673978,7.016993004393932,18.283661406720213,4.991474213036867
a,mv_f0_lv_mcnamara,530,48,28.517424296091587,32.015314257606015,62.61649503642333,28.366008184183016
a,mv_f0_lv_mintvint,187,48,2.2476204148675216,2.579465357978888,5.283261607074316,2.2476204148675216
a,mv_f0_lv_mitchelton_hotel,258,48,5.218824131897223,5.5534171175572675,7.837685996149176,5.218824131897223
a,mv_f0_lv_morg,73,48,3.3039510674828194,4.112952567702862,9.511308388903842,0.5886751550635899
a,mv_f0_lv_myola_high,597,48,6.219019310316162,7.318650930710235,13.639841981866894,6.219019310316162
a,mv_f0_lv_nagambie_103,558,48,155.14932035776175,165.96021628530033,283.23499029161303,155.14932035776175
a,mv_f0_lv_nagambie_135,410,48,2.252221284787145,2.4225194958101297,4.093734863784848,2.252221284787145
a,mv_f0_lv_nagambie_153,104,48,423.0378664418433,462.4994176335679,794.5206495748921,423.0378664418433
a,mv_f0_lv_nagambie_166,325,48,17.449831849975265,18.49765185070697,28.29803488494695,17.449831849975265
a,mv_f0_lv_nagambie_171,219,48,6.788606300762908,8.028012451916434,20.30590287264601,6.788606300762908
a,mv_f0_lv_nagambie_264,553,48,2.121587956382161,2.1548332919927,3.8939459929928493,2.121587956382161
a,mv_f0_lv_nagambie_341,453,48,12.080457791108453,13.654080215775824,24.50498168157514,12.080457791108453
a,mv_f0_lv_nagambie_343,715,48,5.755341577637445,5.8685826697901335,8.05108260239246,5.755341577637445
a,mv_f0_lv_nagambie_344,71,48,7.195817509341303,8.36952989608757,24.447720659678446,7.195817509341303
a,mv_f0_lv_nagambie_357,490,48,2.8853263491971135,3.363678276303279,9.265712646569035,-1.5536405465314556
a,mv_f0_lv_nagambie_360e,548,48,177.76059298887876,189.5618755600418,286.85408460419046,177.76059298887876
a,mv_f0_lv_nagambie_363,205,48,7.31202633620385,8.82795450382641,21.488756088981216,5.549866584060841
a,mv_f0_lv_nagambie_364e,514,48,134.5107081159376,143.17460674292755,210.3001449234498,134.5107081159376
a,mv_f0_lv_nagambie_368,547,48,3.6450415143969157,4.1876701029921195,10.330186208061843,3.515881107457012
a,mv_f0_lv_nagambie_370e,433,48,1.0280088527069937,1.1894144654835386,2.4560997595786986,1.0166822597373737
a,mv_f0_lv_nagambie_374,384,48,48.19314009565179,53.56706745846142,95.2887534993337,48.19314009565179
a,mv_f0_lv_nagambie_52,98,48,7.284094726545649,8.884077149532366,24.932305270771266,7.213735443037401
a,mv_f0_lv_nagambie_71,569,48,3.496755988533524,3.672008417170969,6.122523436964624,3.496755988533524
a,mv_f0_lv_nagambie_79ef,114,48,64.89588298652673,76.67182329834908,150.958025590968,64.89588298652673
a,mv_f0_lv_nagambie_91,179,48,2.2069512624612755,2.328912336830417,3.3436333361785486,2.2069512624612755
a,mv_f0_lv_nbn_golf,705,48,1.7665304088694966,1.7675460034467663,1.843715215720515,1.7665304088694966
a,mv_f0_lv_northwood_park_10,655,48,3.0169307459891677,3.219497173033416,6.364681457648332,3.0169307459891677
a,mv_f0_lv_northwood_park_8,97,48,7.755660621919039,9.594263117050494,20.815414304718782,7.755660621919039
a,mv_f0_lv_o_brien_1,561,48,8.214921476618066,9.94644486834365,27.719499959903544,7.857825703827856
a,mv_f0_lv_o_brien_2,425,48,11.96618392595011,12.097696103784605,19.527124692500223,11.96618392595011
a,mv_f0_lv_o_brien_3,589,48,27.62934317016955,29.86980953894743,49.23744993595486,-27.62934317016955
a,mv_f0_lv_o_connor_7,406,48,3.170620601664441,4.174795898870695,13.032174550081933,-0.0529211379435078
a,mv_f0_lv_o_neill_14,637,48,1.5310656619329874,1.9972780141766,5.5886794714519255,-0.23701988115665026
a,mv_f0_lv_o_neill_16e,623,48,3.2307860364411645,3.700216912104971,9.117739133800612,2.4373054157360516
a,mv_f0_lv_o_neill_2,692,48,42.348650438674866,52.19111677875815,104.53742179314847,41.17691391260183
a,mv_f0_lv_o_neill_20,228,48,47.041142990988966,73.8877066226113,221.9991588008249,46.85425870782341
a,mv_f0_lv_o_neill_22,213,48,15.923695984875856,16.46243399173596,25.979945974231896,-15.923695984875856
a,mv_f0_lv_o_neill_23e,200,48,18.379545093662724,20.48831269742876,35.43465108298855,18.379545093662724
a,mv_f0_lv_o_neill_26e,239,48,3.2422814198400185,3.8529954422334387,8.860003851494891,3.2096446180577125
a,mv_f0_lv_o_neill_30,188,48,338.75268032379614,385.8370369916274,657.6275241213222,338.75268032379614
a,mv_f0_lv_o_neill_5,680,48,52.85477009379159,61.32959866474798,127.29921891681829,52.85477009379159
a,mv_f0_lv_o_neill_9,688,48,8.406831196922054,11.049481817714005,26.53432504412595,6.8568646664940145
a,mv_f0_lv_o_sullivan_estate_13,505,48,5.598429243985808,6.911156286966254,13.913110962829489,-4.06170122635321
a,mv_f0_lv_o_sullivans_estate_4,65,48,2.6030715221191176,3.218606496240382,7.3440347127230226,0.7012436627066472
a,mv_f0_lv_oak_street,110,48,16.381802079891397,21.20389118718283,47.81051947132091,15.438906857920614
a,mv_f0_lv_osullivan_estate_16e,481,48,3.0943903320854584,3.2342050072903605,4.110577291793291,3.0943903320854584
a,mv_f0_lv_penrose-high,167,48,1.7595297309350448,2.0847218969408594,4.127185054776792,1.7028906257002678
a,mv_f0_lv_pinniger_livingstone,470,48,2.2179021207115412,2.7108266179546225,5.074394729019772,1.8592022048704564
a,mv_f0_lv_pleiger_2,393,48,1.9827555924260836,2.434651358820398,5.534730339591274,-1.9763654796256656
a,mv_f0_lv_pleiger_3,408,48,2.453600244290337,2.589173319496956,4.45732742831575,2.453600244290337
a,mv_f0_lv_plunkett_3,29,48,1.6051059243538035,1.6310571910974887,2.169903448766391,1.6051059243538035
a,mv_f0_lv_pollock_6,76,48,19.940018969745697,24.28631472398474,56.858880020537526,19.940018969745697
a,mv_f0_lv_pryor_3,599,48,4.471948940854351,5.106538268074796,12.330379950871826,-1.5400673846050779
a,mv_f0_lv_pullet_2,338,48,9.970359831524775,11.068410041108617,19.055575867930575,9.970359831524775
a,mv_f0_lv_purbrick_11,279,48,1.7294823661149967,1.735990701673243,2.03197586874502,1.7294823661149967
a,mv_f0_lv_purbrick_3,448,48,44.99025321731606,48.47843873954294,77.09391435220644,44.99025321731606
a,mv_f0_lv_queen_memorial,455,48,5.442700371675137,7.1313718906937,17.230647816973395,5.426652981012082
a,mv_f0_lv_richards_1,635,48,5.470672017814606,5.87150807008534,9.627726836738404,5.470672017814606
a,mv_f0_lv_richards_2,332,48,143.9659343671564,156.97190886031171,230.51649244724388,143.9659343671564
a,mv_f0_lv_richards_3,647,48,20.582381126498213,24.004563217925035,51.9822795593102,20.582381126498213
a,mv_f0_lv_river_robinson,387,48,4.424671699257458,4.664369199959224,7.036382817206132,-4.424671699257458
a,mv_f0_lv_riverview_11,437,48,14.597869521561856,15.288010890113723,22.590239714073032,14.597869521561856
a,mv_f0_lv_rose_st,87,48,3.295713905838644,3.4855377360392366,5.448625429578735,1.2332797078611264
a,mv_f0_lv_ross_vale,419,48,1.3750000389152293,1.7367316081296222,3.869031636447481,1.1307039746588892
a,mv_f0_lv_sand_wash_1,503,48,0.9946950244677214,1.1193670623328573,3.040601594814293,0.45701683388296827
a,mv_f0_lv_sand_wash_2,85,48,2.1148739783338892,2.278552087211343,3.866222158771212,2.1148739783338892
a,mv_f0_lv_sand_wash_5,34,48,2.311844668292923,2.3873009970193375,3.455023312336145,2.311844668292923
a,mv_f0_lv_seymour_abattoir,630,48,3.0501673290900633,3.060688056849496,3.4988879037342144,3.0501673290900633
a,mv_f0_lv_shelton_watson,517,48,4.604683021067976,5.529518836068907,11.011639217831508,3.678934303416796
a,mv_f0_lv_smythe_anderson,669,48,13.962203321315807,15.701691717174105,29.011217994720482,13.962203321315807
a,mv_f0_lv_tabilk_irrigation,404,48,3.431974550413274,3.9247078341392796,10.380800356147606,3.431974550413274
a,mv_f0_lv_tarcombe_abdallah,240,48,1.078297978610644,1.2498744617357747,2.7888169976204296,0.970586126337936
a,mv_f0_lv_tarcombe_avenel,274,48,7.15231022402357,8.252702524785452,15.556831344521584,7.15231022402357
a,mv_f0_lv_tarcombe_road_16e,706,48,10.869160238144971,11.98003729823979,22.14415252326301,-10.869160238144971
a,mv_f0_lv_transit_store_2,487,48,4.305618585574391,4.389068216420367,8.014842272621477,4.305618585574391
a,mv_f0_lv_transit_store_9,504,48,159.1419117620965,171.7103147659966,258.6295574467537,159.1419117620965
a,mv_f0_lv_trial_2,691,48,3.950866631957298,4.196314031391288,6.586948520199147,3.950866631957298
a,mv_f0_lv_tv_relay_2,249,48,2.438124706908244,3.259512690709383,9.966127648907442,0.9771575440569639
a,mv_f0_lv_tv_relay_3,265,48,1.573171203907031,1.580539295191934,1.8433305739810912,1.573171203907031
a,mv_f0_lv_vale_st,436,48,49.90243412023281,52.906218543904124,89.84437355384817,49.90243412023281
a,mv_f0_lv_vine_boyd,261,48,8.505175383130949,10.874061112511308,19.604080305672923,8.316641356089429
a,mv_f0_lv_wahring_18,522,48,144.5253477302766,154.02344050197055,235.90063581207897,144.5253477302766
a,mv_f0_lv_wahring_6,400,48,5.8941979125884485,6.4434208312501715,10.278863781559332,5.8941979125884485
a,mv_f0_lv_weir_rd_2,217,48,4.127411423934464,5.035229021913518,9.64132901145964,2.5026418179541317
a,mv_f0_lv_westdean,568,48,30.64945381255808,34.58428988368994,52.52921490900273,30.64837210152287
a,mv_f0_lv_wintirv_2,415,48,1.594926982804261,1.6744514020637533,3.466077951194496,1.594926982804261
a,mv_f0_lv_wolbunyah,43,48,10.433096581735182,11.948369360458665,21.969604406846237,-10.327249440057644
a,mv_f0_lv_woodlea_court,23,48,2.212213726788526,2.666160489225623,5.474549882366066,0.39547018111727317
a,mv_f0_lv_young_bride,468,48,5.641054490664132,6.52319125282654,13.000408799523825,5.581188712635236
a,smr8,0,48,2.3642450802103894,2.651105343386225,3.956233551019613,2.3642450802103894
b,mv_f0_lv_abdallah_marengo,300,48,7.874900489249778,7.996928044835347,10.793063288280152,7.874900489249778
b,mv_f0_lv_ahn_2k,444,48,5.192667172832943,5.88424588421782,11.65914895959482,5.192667172832943
b,mv_f0_lv_ammunition_dump_30,519,48,1.9802680525912588,2.0202370609531064,2.8363151431257307,1.9802680525912588
b,mv_f0_lv_anderson_watson,502,48,31.812321495393945,35.60739436426504,64.19017828011472,31.812321495393945
b,mv_f0_lv_ash-jones,89,48,2.6029908208908026,3.2667129931351298,6.59118109263288,2.6029908208908026
b,mv_f0_lv_ash_livingstone,694,48,90.65036550487503,98.67299499360823,147.2287278613596,90.65036550487503
b,mv_f0_lv_avenel_101e,333,48,4.78958849624189,6.18462008445628,11.38369304933331,-4.3672943535182265
b,mv_f0_lv_avenel_18,583,48,7.65431357812881,8.931496046790317,17.654798291917388,7.65431357812881
b,mv_f0_lv_avenel_82e,439,48,2.365194427030899,2.5234532542135897,4.049201637808018,2.365194427030899
b,mv_f0_lv_avenel_84,531,48,22.549540113062495,23.264349200861236,35.49104086814357,22.549540113062495
b,mv_f0_lv_avenel_93,318,48,157.51944705571668,190.35077427914337,391.2396108555315,157.51944705571668
b,mv_f0_lv_avenel_98,370,48,7.065338829515453,8.476411778132189,18.48108679204213,-7.065338829515453
b,mv_f0_lv_avenel_rd_13,208,48,1.0534928252748916,1.2104016773669215,3.4022050296825253,0.97326016015721
b,mv_f0_lv_avenel_rd_8,224,48,2.088859595702028,2.681465800060406,6.026762703201655,0.6549661172197683
b,mv_f0_lv_avenel_vineyard_1,346,48,5.040778377200819,6.819102737456675,14.155664991971584,4.962943785137104
b,mv_f0_lv_baiada_1e,227,48,9.453282869946891,10.778124349819187,22.138873272811946,9.453282869946891
b,mv_f0_lv_bailieston_east_12,622,48,553.6472810742625,582.2457320539639,950.4096374428254,553.6472810742625
b,mv_f0_lv_bailieston_east_4,141,48,8.402120772369601,8.846876441830247,13.834957303425835,8.402120772369601
b,mv_f0_lv_bailieston_east_5,608,48,40.233957130959126,52.754537800024664,155.84068414568446,40.233957130959126
b,mv_f0_lv_baracs_4,528,48,8.776358554967194,11.825616217660029,33.12812339194425,8.776358554967194
b,mv_f0_lv_barrabool_3e,702,48,145.75058896570144,157.71152516130758,232.23551030419088,145.75058896570144
b,mv_f0_lv_barwon_murray,253,48,2.309010461903154,2.7022342451350325,5.27280709278206,0.7192803059956878
b,mv_f0_lv_barwood,499,48,17.127391502773445,19.85013503971596,34.54057815086761,17.127391502773445
b,mv_f0_lv_baxter_rd_12,449,48,14.923804506884863,17.815214639393105,37.74287530108379,14.923804506884863
b,mv_f0_lv_baxter_rd_7,120,48,13.898576877238645,16.678371291366638,45.41934449193141,3.070144820733001
b,mv_f0_lv_blackwood_park_19,290,48,2.7946019111585776,3.048001127924038,5.05029611658928,2.7946019111585776
b,mv_f0_lv_blackwood_park_20e,546,48,4.826013929709521,5.6890151480271065,13.653880311610353,4.826013929709521
b,mv_f0_lv_blackwood_park_24e,345,48,4.256340983408389,6.005656402827547,15.627622600108591,-3.520118025993012
b,mv_f0_lv_blackwood_park_25,389,48,13.144869465298369,14.197624700682331,27.466920091283697,13.144869465298369
b,mv_f0_lv_blackwood_park_27,378,48,560.1591825922125,622.34752309705,997.756456737781,560.1591825922125
b,mv_f0_lv_blackwood_park_2e,710,48,3.6527300656185866,3.8936823040229727,8.578487326564812,-3.6527300656185866
b,mv_f0_lv_blackwood_park_4e,262,48,9.816194029752102,11.860665920875881,31.776898996660908,8.969363606811001
b,mv_f0_lv_block_3,364,48,1.609944160303806,1.6228063764887697,2.1738464474895975,1.609944160303806
b,mv_f0_lv_bore_4,512,48,24.618594110686782,27.117896272960206,54.95731714709662,24.618594110686782
b,mv_f0_lv_bottling_2,340,48,4.919488765199129,6.161646468917836,14.926498028513425,4.919488765199129
b,mv_f0_lv_bretting_2e,679,48,3.7119655703604746,4.081235594880533,7.0283918121257045,-3.638430099642958
b,mv_f0_lv_bretting_9,621,48,10.672840284862708,11.003547253522433,15.260124322104135,10.672840284862708
b,mv_f0_lv_bunganail_2,497,48,1.4143160953449936,1.41489712237891,1.4971572481107334,1.4143160953449936
b,mv_f0_lv_burns_park,615,48,2.370201749717945,2.477164776081936,5.172196328719295,2.370201749717945
b,mv_f0_lv_burramurra_1a,198,48,155.42334688482524,167.74880056075122,333.497864041567,155.42334688482524
b,mv_f0_lv_burramurra_5,681,48,0.6170966317584683,0.8565239474001198,2.901300453938147,-0.33501328190285595
b,mv_f0_lv_bush_pea_10,164,48,46.05292199289286,48.3375508736514,71.18398842806675,46.05292199289286
b,mv_f0_lv_bush_pea_12,506,48,318.3082710203193,349.5733624267051,602.5074045973585,318.3082710203193
b,mv_f0_lv_bush_pea_15,429,48,4.124879275892419,4.860396150641493,8.833086934650982,-3.7866740600113933
b,mv_f0_lv_bush_pea_3e,432,48,61.771484614923395,64.50221820425327,104.64042296955344,61.771484614923395
b,mv_f0_lv_bush_pea_5,670,48,281.2429324716057,301.2593452112547,538.7459227178691,281.2429324716057
b,mv_f0_lv_bush_pea_7,50,48,4.248186452856819,5.323475369951521,11.498908837293527,4.248186452856819
b,mv_f0_lv_bush_pea_9,135,48,9.736586753792407,12.391027979583761,22.269319822090768,8.50005210226846
b,mv_f0_lv_camp_pump_12,355,48,10.96477903208905,11.453791259198955,26.890182341998507,10.96477903208905
b,mv_f0_lv_camp_pump_13,617,48,4.273764412304442,4.673603307418386,10.179095304865445,4.273764412304442
b,mv_f0_lv_camp_pump_16e,663,48,3.29733728411164,3.7715625738850647,12.32485224622709,3.261970548889152
b,mv_f0_lv_camp_pump_18,550,48,46.32944328098338,55.19528863958868,136.24145964298236,46.32944328098338
b,mv_f0_lv_camp_pump_20,642,48,82.10426670662582,90.79136356868655,164.57525696401203,82.10426670662582
b,mv_f0_lv_camping_area_3a,466,48,3.517358420171238,4.352016766749353,10.211996883301971,3.517358420171238
b,mv_f0_lv_camping_area_4,573,48,7.906953991651396,9.115419260002916,25.072397362306674,7.906953991651396
b,mv_f0_lv_camping_area_5,329,48,3.1964828389415807,4.339236124377343,9.146829128476533,3.1964828389415807
b,mv_f0_lv_camping_area_6e,634,48,43.45343975928987,45.87411641500731,75.40698699632277,43.45343975928987
b,mv_f0_lv_camping_area_7,344,48,31.07923178282917,37.19696606666551,75.12197505679526,31.07923178282917
b,mv_f0_lv_cemetery_3,541,48,9.892646389980582,10.590379640360227,16.519805763170595,9.892646389980582
b,mv_f0_lv_centenary_vale,401,48,10.130541980207465,11.556702681632828,18.90417178096827,10.130541980207465
b,mv_f0_lv_chateau_pump,324,48,41.03579635505482,49.64519821157101,109.68977503627187,41.03579635505482
b,mv_f0_lv_church_high,381,48,2.3284026069503025,2.5540491161341463,5.48510121997316,2.3284026069503025
b,mv_f0_lv_cianto_2,542,48,43.02100913103868,50.72219123370847,121.0622331260263,43.02100913103868
b,mv_f0_lv_coaxial_2,22,48,8.972130892837384,10.961604377374906,27.70509403871013,7.352169951733984
b,mv_f0_lv_coo_2,446,48,127.8756462486581,136.95169849131355,243.92161171406673,127.8756462486581
b,mv_f0_lv_coolwoola_15e,570,48,2.292308388053343,2.557451145035683,6.383801862424665,2.292308388053343
b,mv_f0_lv_coolwoola_2,351,48,4.441381201327758,4.814647459136677,8.369341927995507,4.441381201327758
b,mv_f0_lv_coolwoola_25,137,48,3.7391783485472767,3.780684993217121,4.795986044792517,3.7391783485472767
b,mv_f0_lv_coolwoola_5e,690,48,6.362382310493648,6.71786333688625,12.229095560662175,6.362382310493648
b,mv_f0_lv_coolwoola_6,63,48,1.3071356578823528,1.4576926872244371,2.328864492669755,1.2410000521254654
b,mv_f0_lv_coolwoola_9,142,48,167.09795131683998,183.78325662211944,366.1919762470758,167.09795131683998
b,mv_f0_lv_coombs_2,284,48,6.5474108366166135,6.992722721507022,15.938840065835391,6.5474108366166135
b,mv_f0_lv_coombs_4,297,48,3.696403266911459,3.78308912252648,5.660948617340772,3.696403266911459
b,mv_f0_lv_coorlong_7,95,48,6.802908546703516,7.92688421381407,17.437535227977122,6.802908546703516
b,mv_f0_lv_cro_4,687,48,5.655514034966102,5.958595209386185,8.501331863654022,5.655514034966102
b,mv_f0_lv_darley_1,509,48,3.0718181261503603,3.414527710022836,6.861006414679916,3.0718181261503603
b,mv_f0_lv_darley_2,491,48,2.035287265287336,2.1305681305826987,3.55201411583891,2.035287265287336
b,mv_f0_lv_darley_3,64,48,11.334891581990478,14.216587516586037,30.91686921187999,11.334891581990478
b,mv_f0_lv_darley_4,21,48,5.496563544635319,5.561519333782759,6.801083832717438,5.496563544635319
b,mv_f0_lv_darley_5,478,48,3.095815493066367,3.3887823866932214,7.471722738950568,3.095815493066367
b,mv_f0_lv_darley_pump,564,48,2.7800749281323527,3.037615722450299,6.977670098367923,2.7800749281323527
b,mv_f0_lv_driffield_4,247,48,0.4785787943785818,0.6285311122696455,2.0306685948567123,-0.3258041116766634
b,mv_f0_lv_eatmore_1,310,48,1.9346305005237265,2.3279898641921886,4.932805904712136,-0.7418971270908745
b,mv_f0_lv_eatmore_11,312,48,4.761086962925467,6.646610103863366,14.304886670041078,4.761086962925467
b,mv_f0_lv_eatmore_13,354,48,5.581082270208989,6.100301964016248,9.555802721283463,5.581082270208989
b,mv_f0_lv_eatmore_18,330,48,179.25522171984952,212.3570545356678,426.57385433035637,179.25522171984952
b,mv_f0_lv_eatmore_2,604,48,10.994681923882945,12.19365175972036,22.226917184755514,10.994681923882945
b,mv_f0_lv_eatmore_24,714,48,19.309143027090407,19.63061380398437,25.7739106818927,19.309143027090407
b,mv_f0_lv_elloura_1,645,48,5.760324542914868,6.400304940812238,11.602593427354275,5.760324542914868
b,mv_f0_lv_femino_2,161,48,4.906656452833233,5.273459341623131,7.240015302131312,4.906656452833233
b,mv_f0_lv_gallizia_2,588,48,1.6349052074037533,1.636042243895639,1.7317014314261356,1.6349052074037533
b,mv_f0_lv_gapoli_5,316,48,180.7629721069386,213.99481381071126,433.49615595783763,180.7629721069386
b,mv_f0_lv_gaze_3,103,48,2.624288266868064,2.723724318064811,6.186813045790331,2.624288266868064
b,mv_f0_lv_gaze_5,459,48,8.420195935737846,9.768540156848529,19.613928293044534,8.420195935737846
b,mv_f0_lv_gerrard_4,210,48,19.595178773206232,22.920525397046834,39.40969410172751,19.595178773206232
b,mv_f0_lv_gerrard_5,225,48,2.1377622580199076,2.176702330081301,3.043714071733792,2.1377622580199076
b,mv_f0_lv_gilgai_2,619,48,2.7636238566215603,3.039925926750751,5.334976242062719,2.7636238566215603
b,mv_f0_lv_glencairn_blayney,484,48,6.818085171490547,7.785497235141157,14.113961948067598,6.818085171490547
b,mv_f0_lv_golf_club_2,116,48,14.498481135807543,16.49002476882976,34.904455134459866,14.498481135807543
b,mv_f0_lv_goulburn_filson,61,48,3.98899109837172,4.188187447523369,7.076338610775254,3.98899109837172
b,mv_f0_lv_goulburn_redbank,171,48,1.4210887884609769,1.42110106352574,1.432960928343154,1.4210887884609769
b,mv_f0_lv_goulburn_st_13,399,48,5.699159342709518,6.209543083269101,11.696087710559759,5.699159342709518
b,mv_f0_lv_goulburn_st_25,242,48,3.453374311519594,3.5373088473198377,6.004052125198232,3.453374311519594
b,mv_f0_lv_goulburn_st_48,107,48,2.2855068602276023,2.6454399214338227,7.213250564406316,2.2855068602276023
b,mv_f0_lv_goulburn_st_65,90,48,5.233504144936286,5.754691817248811,11.677616311538682,5.233504144936286
b,mv_f0_lv_goulburn_st_78,166,48,3.230657841150336,3.6705307562037586,7.173135864865927,3.230657841150336
b,mv_f0_lv_greenham_1,270,48,5.752881201636875,6.302740047140802,11.476117388923988,5.752881201636875
b,mv_f0_lv_greeve,149,48,5.271785671816757,5.731432478585785,12.570929003907981,5.271785671816757
b,mv_f0_lv_grey_box_1,527,48,3.0270036353676786,3.937823765819229,9.311627889564287,-0.6018630411871212
b,mv_f0_lv_grey_box_2,610,48,4.849027221236519,5.578392506029114,11.107435814858565,1.6590258775699132
b,mv_f0_lv_hanley_mallett,257,48,1.0442893994775597,1.5231592605125905,4.67643169675317,-0.623670936472705
b,mv_f0_lv_hately,427,48,3.359406969574947,3.922823716411663,7.352321540857275,1.7233111947950797
b,mv_f0_lv_hately_3,644,48,193.29084663969172,206.68373956183834,358.42129032446087,193.29084663969172
b,mv_f0_lv_henlauren,136,48,154.0124667501207,170.99564272119514,343.8911150862738,154.0124667501207
b,mv_f0_lv_high-prentice,49,48,5.022768001771812,5.576303867721843,9.224019539482669,5.022768001771812
b,mv_f0_lv_high_cemetery,172,48,1.689840848584805,1.9074114217574838,3.2166487920418887,1.3230144173540899
b,mv_f0_lv_high_curramar,584,48,8.902879100687569,9.754321184879842,17.037141371994785,8.902879100687569
b,mv_f0_lv_high_glencairn,150,48,6.158350727317017,7.216054605473344,16.527025966715808,6.158350727317017
b,mv_f0_lv_high_goulburn,275,48,3.90377240568516,4.354362461430359,6.813882899470551,3.90377240568516
b,mv_f0_lv_high_vickers,515,48,7.063082737304874,8.26259751934085,15.481066991594652,-7.058270642812147
b,mv_f0_lv_hughes_lime,343,48,4.994494991622309,5.585475317962316,10.420382967095657,2.1894807476759297
b,mv_f0_lv_hughes_wedge,535,48,1.5487669641064024,2.3573480341279334,7.984896161209328,0.9119594340208602
b,mv_f0_lv_hume_redbank,605,48,8.513902427759163,9.998324830124101,25.27926474254989,8.513902427759163
b,mv_f0_lv_indus,462,48,3.721645883597475,4.018818806695961,8.067697513705856,3.721645883597475
b,mv_f0_lv_jones_hume,281,48,5.800558076201017,6.295752877724268,10.246120754097781,5.608336983187944
b,mv_f0_lv_jones_smythe,486,48,4.145501248549155,5.0137334930284405,11.309406221334847,0.8043215798720698
b,mv_f0_lv_kean_jean_claude,674,48,16.78270575475342,18.202374838198374,35.06641597124894,16.78270575475342
b,mv_f0_lv_kennedy-coughlin,666,48,43.9743925465181,49.96521481337806,101.64902742718232,43.9743925465181
b,mv_f0_lv_kent_hughes,554,48,6.4801070503090274,7.899725077648958,17.514163665061343,6.4801070503090274
b,mv_f0_lv_kirwan_1e,713,48,4.514143960765263,4.762249280916798,8.725252678965433,-4.500204989013082
b,mv_f0_lv_knorpp_2,482,48,21.49349410629903,24.014117667680452,36.51408331117671,21.49349410629903
b,mv_f0_lv_kobyboyn_goulburn_valley,246,48,6.811430553878135,10.476838129284012,38.994378300681674,6.811430553878135
b,mv_f0_lv_kobyboyn_red_box,115,48,1.8236648943266065,1.8394975692359943,2.355982463557222,1.8236648943266065
b,mv_f0_lv_lakeside-tahbilk,276,48,0.6491119276049857,0.8257290394735691,1.8420433316180747,0.5107370404187074
b,mv_f0_lv_laundon,529,48,4.911027230685683,5.1891638550021515,11.101299272453812,4.911027230685683
b,mv_f0_lv_laurel_grove_14e,266,48,3.568131100843613,4.34312011251441,10.036925423927652,3.568131100843613
b,mv_f0_lv_laurel_grove_14f,14,48,78.31762044257462,80.72420890918296,124.98736100692653,78.31762044257462
b,mv_f0_lv_laurel_grove_15,189,48,7.925620245117926,8.249571608934223,13.492312374684499,4.160107442649664
b,mv_f0_lv_laurel_grove_17e,176,48,12.084463663828865,16.325399310323625,33.55996952734691,12.084463663828865
b,mv_f0_lv_laurel_grove_19e,165,48,5.776369424840539,5.986719738830836,8.313962490310983,-5.776369424840539
b,mv_f0_lv_laurel_grove_2,56,48,9.984776953791947,11.403217338575534,23.23246525024682,9.984776953791947
b,mv_f0_lv_laurel_grove_21e,414,48,91.06070401850893,96.55851914733695,153.65321951568865,91.06070401850893
b,mv_f0_lv_laurel_grove_3,83,48,2.61359180995027,3.0435665176710502,7.850152391252944,-0.7216301849274925
b,mv_f0_lv_laurel_grove_9,214,48,13.517627456277966,14.837257570132218,26.12682727859014,13.517627456277966
b,mv_f0_lv_liberty_elloura,15,48,4.903501886878696,5.270179324260976,7.240543667869403,4.903501886878696
b,mv_f0_lv_livingstone_ash,682,48,86.63371342293665,93.86697943057393,154.3630702852177,86.39416033902064
b,mv_f0_lv_locksley_2,154,48,19.277798028417546,21.811858756664904,48.38448595581717,19.277798028417546
b,mv_f0_lv_locksley_5,152,48,5.6892990545399655,6.839120303830212,18.393297050045764,5.6892990545399655
b,mv_f0_lv_lore_1a,99,48,4.188913216674355,5.352865787307715,11.206458908989699,-3.841701123771372
b,mv_f0_lv_malpark_2e,201,48,6.155094582205204,6.867542699049419,10.445480439163452,6.155094582205204
b,mv_f0_lv_malpark_3,230,48,4.146011193580302,5.2027576096862695,11.426904742772274,4.146011193580302
b,mv_f0_lv_manga_13,633,48,6.462727771943382,6.9816728388210665,10.240149391388972,-6.342831663783059
b,mv_f0_lv_manga_15,96,48,8.747863252466777,11.345435191032841,28.00785156696371,7.653729576911416
b,mv_f0_lv_marengo_5,289,48,11.070140809611969,12.793188816609351,25.197905452749794,11.070140809611969
b,mv_f0_lv_marianna,451,48,1.572783556620271,2.042107466481884,4.878056976118685,1.2901700812997456
b,mv_f0_lv_marie_high,452,48,6.793002584292791,7.731180027045431,15.562325333493472,6.743707803729293
b,mv_f0_lv_mcgillvray_4e,147,48,7.269370347698998,7.7399272448007075,11.885269295983417,7.269370347698998
b,mv_f0_lv_mcgillvray_4f,175,48,5.0891318939265835,6.42370179133137,15.965868840809085,5.0891318939265835
b,mv_f0_lv_mcgillvray_5,163,48,3.773547026275675,4.019160200354237,8.17377116419873,3.773547026275675
b,mv_f0_lv_mcgregor_10,160,48,2.4946871479929986,2.9398656809309984,6.388620473643712,2.3633245370501803
b,mv_f0_lv_mcgregor_6,339,48,1.5981784858243948,1.60501682415894,1.8614902908739448,1.5981784858243948
b,mv_f0_lv_mcgregor_7,356,48,14.392166473840405,18.268832667164613,38.39429974223222,13.960802817589263
b,mv_f0_lv_mcgregor_lotus,169,48,4.415086693109674,4.791621091474739,8.021425120682904,4.415086693109674
b,mv_f0_lv_mcleod_road,703,48,15.764961687615184,18.034545090973552,30.728560281186873,15.764961687615184
b,mv_f0_lv_mcnamara,530,48,15.440424705772374,18.903075864633333,48.134258833111225,15.440424705772374
b,mv_f0_lv_mintvint,187,48,2.2831016207718875,2.614056096940411,5.338696740978261,2.2831016207718875
b,mv_f0_lv_mitchelton_hotel,258,48,5.246229725352828,5.5783789304670455,7.85048722088839,5.246229725352828
b,mv_f0_lv_morg,73,48,2.1811370429021086,2.735024705116617,6.941818444864545,-0.09890186697505514
b,mv_f0_lv_myola_high,597,48,3.084466828385865,4.119951851487252,9.725914678230467,2.790662469463412
b,mv_f0_lv_nagambie_103,558,48,46.44367566530334,52.59993810267869,108.98517565561158,46.44367566530334
b,mv_f0_lv_nagambie_135,410,48,6.5196813670480465,6.9330711792995485,9.14836723557191,6.5196813670480465
b,mv_f0_lv_nagambie_153,104,48,194.43211339858703,210.17794451669786,410.6896247397517,194.43211339858703
b,mv_f0_lv_nagambie_166,325,48,9.553348146688906,10.087805761333524,15.31539575659971,-9.553348146688906
b,mv_f0_lv_nagambie_171,219,48,3.1682406357946,4.128431057325044,10.89979911586368,-1.8956964903731677
b,mv_f0_lv_nagambie_264,553,48,5.582584116617178,9.908700956103191,32.7713535380254,5.582443714943889
b,mv_f0_lv_nagambie_341,453,48,4.072483611732778,4.511648524993826,8.019148991938955,2.2608272682324166
b,mv_f0_lv_nagambie_343,715,48,5.741863093337194,5.855860303777978,8.044138061830699,5.741863093337194
b,mv_f0_lv_nagambie_344,71,48,11.146727107298775,12.014178890048605,23.421009227604934,11.146727107298775
b,mv_f0_lv_nagambie_357,490,48,17.257632944396416,19.437448183620386,33.63753587150281,17.257632944396416
b,mv_f0_lv_nagambie_360e,548,48,85.48921580617264,103.36145227276268,259.4386635809024,85.48921580617264
b,mv_f0_lv_nagambie_363,205,48,4.486675464982981,5.270915491722962,12.854170237723707,1.5794487772638375
b,mv_f0_lv_nagambie_364e,514,48,137.01612729759088,149.4775671196385,273.61155368308755,137.01612729759088
b,mv_f0_lv_nagambie_368,547,48,9.953846168422803,10.40509344751689,16.609689197430715,9.953846168422803
b,mv_f0_lv_nagambie_370e,433,48,6.226201808164319,6.286635097837438,7.9996390966432145,6.226201808164319
b,mv_f0_lv_nagambie_374,384,48,185.1782828173336,211.1639105459669,351.09055097990563,185.1782828173336
b,mv_f0_lv_nagambie_52,98,48,13.179735691241055,14.165327270962148,26.897720145713166,13.179735691241055
b,mv_f0_lv_nagambie_71,569,48,2.6236504144693926,2.878895702838482,5.217732065250248,2.6236504144693926
b,mv_f0_lv_nagambie_79ef,114,48,30.782300168073476,37.22192198206931,86.4541396495637,30.782300168073476
b,mv_f0_lv_nagambie_91,179,48,2.226417557739184,2.347362033931435,3.3635531050200314,2.226417557739184
b,mv_f0_lv_nbn_golf,705,48,2.223681856323655,2.280329278533845,3.609032524379075,2.223681856323655
b,mv_f0_lv_northwood_park_10,655,48,7.992570151656477,8.149171748466074,10.19256118432794,7.992570151656477
b,mv_f0_lv_northwood_park_8,97,48,1.2353514370886707,1.6880105650841721,4.159038361680094,-0.2694239759991927
b,mv_f0_lv_o_brien_1,561,48,4.034881730427929,4.95760266258462,9.672014400740157,-2.4544687620700016
b,mv_f0_lv_o_brien_2,425,48,50.520037299586996,54.55763288371416,75.19889421727433,50.520037299586996
b,mv_f0_lv_o_brien_3,589,48,5.849411102619096,7.73321992181069,17.36071071891351,4.247001341876235
b,mv_f0_lv_o_connor_7,406,48,8.804494705394115,9.790422099850959,21.775074351860777,8.804494705394115
b,mv_f0_lv_o_neill_14,637,48,8.926261802597567,9.882932828493574,16.391880536606102,8.926261802597567
b,mv_f0_lv_o_neill_16e,623,48,6.567102883545579,7.375537908581688,12.902602765833592,6.529462245642663
b,mv_f0_lv_o_neill_2,692,48,2.6143967043344247,3.1148450283497593,7.962029876229259,1.683783152602152
b,mv_f0_lv_o_neill_20,228,48,23.289697059743393,25.248694100562176,50.73938356128465,23.289697059743393
b,mv_f0_lv_o_neill_22,213,48,12.818525345546282,14.075145358068697,24.10503909034857,12.818525345546282
b,mv_f0_lv_o_neill_23e,200,48,13.379669575073066,16.397603155054217,47.35809651614211,13.379669575073066
b,mv_f0_lv_o_neill_26e,239,48,3.987134588044119,4.493498114696392,8.929197164936362,3.987134588044119
b,mv_f0_lv_o_neill_30,188,48,616.4468883329808,643.0803478907131,1119.278876753965,616.4468883329808
b,mv_f0_lv_o_neill_5,680,48,238.65037175753028,253.8412067514609,416.20840021847937,238.65037175753028
b,mv_f0_lv_o_neill_9,688,48,12.19965851828116,13.634707872160275,25.196913224249972,12.19965851828116
b,mv_f0_lv_o_sullivan_estate_13,505,48,2.5172806155998164,3.262668034987002,7.931799466645863,-0.04602474034098777
b,mv_f0_lv_o_sullivans_estate_4,65,48,2.207918434119645,2.986463357605929,9.31011677355669,1.0038825544341468
b,mv_f0_lv_oak_street,110,48,7.936529311459051,8.707161001246648,14.32798442497402,7.936529311459051
b,mv_f0_lv_osullivan_estate_16e,481,48,3.0981225579398277,3.2381059332203157,4.115857227523172,3.0981225579398277
b,mv_f0_lv_penrose-high,167,48,6.297886372704778,6.841496745026249,12.243229026368201,6.297886372704778
b,mv_f0_lv_pinniger_livingstone,470,48,8.7997630455593,9.698811290204722,16.477472617119375,8.7997630455593
b,mv_f0_lv_pleiger_2,393,48,4.512518052914017,4.687636788181159,6.748998689835549,4.512518052914017
b,mv_f0_lv_pleiger_3,408,48,4.343732965039585,4.612989865869824,8.119745991820068,4.343732965039585
b,mv_f0_lv_plunkett_3,29,48,1.6564466552419848,1.682456014060934,2.2351591712799728,1.6564466552419848
b,mv_f0_lv_pollock_6,76,48,2.5534581164091836,2.7461729915470205,4.920389103388171,2.5534581164091836
b,mv_f0_lv_pryor_3,599,48,6.5535023670443735,6.917189927457589,11.298838836765647,6.5535023670443735
b,mv_f0_lv_pullet_2,338,48,15.515407920080477,18.54850138954559,37.672204472040484,15.515407920080477
b,mv_f0_lv_purbrick_11,279,48,1.8028354775370128,1.810580055553422,2.130268185527031,1.8028354775370128
b,mv_f0_lv_purbrick_3,448,48,67.26858936050604,71.86632417623947,123.60243293643822,67.26858936050604
b,mv_f0_lv_queen_memorial,455,48,3.5125738379600775,4.683172772050637,9.804809272824215,3.4928485575032724
b,mv_f0_lv_richards_1,635,48,5.251224584034609,5.861401382236726,10.32274372091847,5.251224584034609
b,mv_f0_lv_richards_2,332,48,144.5695354462446,169.00398379429413,335.8321242677581,144.5695354462446
b,mv_f0_lv_richards_3,647,48,3.1079487865580187,4.327748391216701,11.97743549196526,3.0652928068501013
b,mv_f0_lv_river_robinson,387,48,11.694725372995578,12.51749395629874,18.982703240194837,11.694725372995578
b,mv_f0_lv_riverview_11,437,48,1.8032080766520895,1.842655256616566,2.8799244135576023,-1.8032080766520895
b,mv_f0_lv_rose_st,87,48,5.31918840528536,6.35876050483942,12.353755200997028,4.998099484787989
b,mv_f0_lv_ross_vale,419,48,6.777316276668931,7.386062441058847,12.086916538931263,6.777316276668931
b,mv_f0_lv_sand_wash_1,503,48,1.7625020513137084,1.7745453587233002,2.7198191070721673,1.7625020513137084
b,mv_f0_lv_sand_wash_2,85,48,2.105794570016257,2.269705324414117,3.8997967045563904,2.105794570016257
b,mv_f0_lv_sand_wash_5,34,48,6.936190978707766,9.496406760400161,21.601875830919678,6.936190978707766
b,mv_f0_lv_seymour_abattoir,630,48,3.064410817340912,3.0750776017579926,3.515625868927412,3.064410817340912
b,mv_f0_lv_shelton_watson,517,48,7.503846732714853,8.371201773594029,16.6861551169009,7.503846732714853
b,mv_f0_lv_smythe_anderson,669,48,6.45108818395456,8.066422932801077,16.27923876827588,-6.158108360100424
b,mv_f0_lv_tabilk_irrigation,404,48,36.6177747220592,40.224063888823444,91.39820069935132,36.6177747220592
b,mv_f0_lv_tarcombe_abdallah,240,48,4.695334635947057,5.1506783617599625,8.774744467379382,4.695334635947057
b,mv_f0_lv_tarcombe_avenel,274,48,5.268505958743774,5.662020949818705,8.525160890104203,5.151324163321821
b,mv_f0_lv_tarcombe_road_16e,706,48,23.131135712910236,26.212999004375316,44.16809392327525,23.131135712910236
b,mv_f0_lv_transit_store_2,487,48,1.7649398908658762,1.9779301949894836,4.422574859704145,-1.7649398908658762
b,mv_f0_lv_transit_store_9,504,48,129.1210964795787,142.2735907695743,243.41428812305958,129.1210964795787
b,mv_f0_lv_trial_2,691,48,3.308134505057705,3.761147895403871,6.858265096831175,3.308134505057705
b,mv_f0_lv_tv_relay_2,249,48,6.610012468692896,10.937530867046087,28.97296171488439,5.128278969862266
b,mv_f0_lv_tv_relay_3,265,48,1.6005138663318903,1.6064881863945815,1.848506878645406,1.6005138663318903
b,mv_f0_lv_vale_st,436,48,29.43485011108379,32.44928097044832,64.65222584224034,29.43485011108379
b,mv_f0_lv_vine_boyd,261,48,20.650532852065968,23.319291740204232,40.71646358998012,20.650532852065968
b,mv_f0_lv_wahring_18,522,48,109.20593965554777,120.38163900157231,225.9641337110047,109.20593965554777
b,mv_f0_lv_wahring_6,400,48,15.932303456066,17.578575870386075,39.54166891651777,15.932303456066
b,mv_f0_lv_weir_rd_2,217,48,6.751320299182958,8.387579302878002,17.126102539018767,6.751320299182958
b,mv_f0_lv_westdean,568,48,3.5290473558441544,4.652746485965463,10.617069626356606,3.0718539979762354
b,mv_f0_lv_wintirv_2,415,48,1.49481971293506,1.5057328206397753,1.9396639774561297,1.49481971293506
b,mv_f0_lv_wolbunyah,43,48,5.5203438143299195,6.909000818414079,14.712739734856598,5.081886892498605
b,mv_f0_lv_woodlea_court,23,48,4.300967938071945,4.951848170881655,9.208173842595738,4.300967938071945
b,mv_f0_lv_young_bride,468,48,7.349227696441858,8.549794091995722,14.798827635132085,7.349227696441858
b,smr8,0,48,1.0657039704911897,1.2977892415666068,1.9335856094097128,1.0657039704911897
c,mv_f0_lv_abdallah_marengo,300,48,1.4648474926022323,1.8089795870613152,4.983597080943213,-0.21692958546736332
c,mv_f0_lv_ahn_2k,444,48,3.1467109949536685,3.589855580007172,7.603839833266037,3.1467109949536685
c,mv_f0_lv_ammunition_dump_30,519,48,1.9702256255145396,2.009825917775041,2.8207948567242163,1.9702256255145396
c,mv_f0_lv_anderson_watson,502,48,23.866388353723067,27.374942401050404,54.462916727066634,23.866388353723067
c,mv_f0_lv_ash-jones,89,48,2.603902162633168,3.26724368452869,6.609698890490037,2.603902162633168
c,mv_f0_lv_ash_livingstone,694,48,15.813682897125519,17.00284510286347,28.831466792162757,15.813682897125519
c,mv_f0_lv_avenel_101e,333,48,7.342927228333411,8.372965322292295,16.332455699611124,7.342927228333411
c,mv_f0_lv_avenel_18,583,48,3.8611697366930944,4.835160006683502,9.297958156069024,-2.9988146324658005
c,mv_f0_lv_avenel_82e,439,48,2.354966908232552,2.513514311705979,4.043961702318661,2.354966908232552
c,mv_f0_lv_avenel_84,531,48,13.913933737199796,15.40836302183386,27.964955826287394,13.913933737199796
c,mv_f0_lv_avenel_93,318,48,64.03827946906227,67.75737082004115,124.81016732692963,64.03827946906227
c,mv_f0_lv_avenel_98,370,48,5.339203354885149,6.426063493718264,13.861065194861908,5.339203354885149
c,mv_f0_lv_avenel_rd_13,208,48,10.281098930024278,11.869854859160473,22.786629329578656,10.281098930024278
c,mv_f0_lv_avenel_rd_8,224,48,17.11891338096238,18.388569357452806,31.164243764081846,17.11891338096238
c,mv_f0_lv_avenel_vineyard_1,346,48,0.9884213855033289,1.1737837042994452,2.220841697147385,0.2786786725391444
c,mv_f0_lv_baiada_1e,227,48,13.061675546650568,16.727310147101996,58.54746252600391,10.65951215925216
c,mv_f0_lv_bailieston_east_12,622,48,275.14803189668925,289.4204868840983,446.23160027498244,275.14803189668925
c,mv_f0_lv_bailieston_east_4,141,48,1.83143365670155,2.17934081347448,4.489589068921333,-1.358556032867532
c,mv_f0_lv_bailieston_east_5,608,48,35.873007426957535,48.67362179973432,146.85493523499017,35.873007426957535
c,mv_f0_lv_baracs_4,528,48,3.7931570288207688,3.9050896185529367,5.189762261002304,3.7931570288207688
c,mv_f0_lv_barrabool_3e,702,48,9.470740364252864,11.807451766639504,20.984382996565998,9.470740364252864
c,mv_f0_lv_barwon_murray,253,48,5.714002417906134,6.36361770547474,10.519148095191092,5.714002417906134
c,mv_f0_lv_barwood,499,48,4.706127846208514,4.845834230567295,6.424756395606815,-4.224196539100105
c,mv_f0_lv_baxter_rd_12,449,48,4.200204595211038,4.581513518196891,7.511971888953138,-4.200204595211038
c,mv_f0_lv_baxter_rd_7,120,48,15.74629403817159,17.70263479550705,32.43375179199994,15.74629403817159
c,mv_f0_lv_blackwood_park_19,290,48,2.7907138431285534,3.044083361299876,5.052734394771299,2.7907138431285534
c,mv_f0_lv_blackwood_park_20e,546,48,2.4439444350029027,2.5706585229572267,4.085593519464053,2.4439444350029027
c,mv_f0_lv_blackwood_park_24e,345,48,9.752510024012494,12.066435668077299,24.869077977837577,9.712729116094303
c,mv_f0_lv_blackwood_park_25,389,48,6.361334939332594,7.450285687376256,14.10826047304798,-6.047077435072978
c,mv_f0_lv_blackwood_park_27,378,48,945.8376832368804,1004.322009884427,1663.618946230213,945.8376832368804
c,mv_f0_lv_blackwood_park_2e,710,48,3.406057986283713,3.604915247533536,6.76758820349767,3.406057986283713
c,mv_f0_lv_blackwood_park_4e,262,48,3.9451630318706883,5.045989534499474,17.043768402422955,-2.5477217804321137
c,mv_f0_lv_block_3,364,48,1.626409347787538,1.6380810207445757,2.175294025714016,1.626409347787538
c,mv_f0_lv_bore_4,512,48,9.117929815690564,10.61861242462844,21.674490264531308,9.117929815690564
c,mv_f0_lv_bottling_2,340,48,2.0267606910574987,2.1026711391216466,3.3797874387973916,2.0267606910574987
c,mv_f0_lv_bretting_2e,679,48,2.7868151313342815,3.0843008983485367,5.395875515219441,2.761439691700683
c,mv_f0_lv_bretting_9,621,48,5.031724867797135,5.103029259686349,6.515571341010823,-5.031724867797135
c,mv_f0_lv_bunganail_2,497,48,1.360752409820363,1.360863635656936,1.3943840939943253,1.360752409820363
c,mv_f0_lv_burns_park,615,48,6.382984935047941,8.024401343106797,12.986094396982553,6.382984935047941
c,mv_f0_lv_burramurra_1a,198,48,145.83946003708513,161.76494144053433,277.77439591649534,145.83946003708513
c,mv_f0_lv_burramurra_5,681,48,1.914128368800279,1.93189062182333,2.4754243164820755,1.914128368800279
c,mv_f0_lv_bush_pea_10,164,48,11.66347770983802,12.174643009651108,17.162357958712402,-11.66347770983802
c,mv_f0_lv_bush_pea_12,506,48,180.95684917891626,199.76504975939957,336.6398097092124,180.95684917891626
c,mv_f0_lv_bush_pea_15,429,48,7.824038516490714,8.28944507853992,13.190140433040728,7.824038516490714
c,mv_f0_lv_bush_pea_3e,432,48,63.66750489290706,72.05251850895469,147.25374054600445,63.66750489290706
c,mv_f0_lv_bush_pea_5,670,48,34.35648853032472,37.83744163959127,67.59852048200506,34.14245833715838
c,mv_f0_lv_bush_pea_7,50,48,9.625357317579358,12.444560284569096,27.29798358857944,9.625357317579358
c,mv_f0_lv_bush_pea_9,135,48,9.241054151575783,9.937800998642613,14.89347866173376,-9.241054151575783
c,mv_f0_lv_camp_pump_12,355,48,7.441493146242686,9.333982435219704,21.543869022380733,4.151670402471179
c,mv_f0_lv_camp_pump_13,617,48,1.7565989429672235,2.2042108257335533,5.4527564373619315,-1.3472865681639246
c,mv_f0_lv_camp_pump_16e,663,48,2.0046446752979095,2.306637484244059,7.5882442799550684,-1.9521448217758974
c,mv_f0_lv_camp_pump_18,550,48,22.17807189671342,24.889092992229372,42.24424285908157,22.17807189671342
c,mv_f0_lv_camp_pump_20,642,48,34.97634975824213,41.10247974565977,74.63876939571811,34.97634975824213
c,mv_f0_lv_camping_area_3a,466,48,9.623049730568471,11.926192679960158,25.33586194294952,9.623049730568471
c,mv_f0_lv_camping_area_4,573,48,1.0165456711539094,1.1385879594556059,1.872938061016896,0.312790967331818
c,mv_f0_lv_camping_area_5,329,48,3.2061575030095337,4.343397583699349,9.16151965751257,3.2061575030095337
c,mv_f0_lv_camping_area_6e,634,48,20.667151711137734,21.84183336235224,33.93639810061369,20.667151711137734
c,mv_f0_lv_camping_area_7,344,48,10.022042102311126,10.978014006614936,18.11446806397548,10.022042102311126
c,mv_f0_lv_cemetery_3,541,48,16.485072290349432,17.112306972891847,27.087048809555192,16.485072290349432
c,mv_f0_lv_centenary_vale,401,48,10.463344566991081,11.011848071991572,19.450614827761484,10.463344566991081
c,mv_f0_lv_chateau_pump,324,48,15.98353532155181,18.817042718485382,35.24070339404544,15.98353532155181
c,mv_f0_lv_church_high,381,48,3.613161739955558,4.089403658435979,7.472924349052022,3.613161739955558
c,mv_f0_lv_cianto_2,542,48,17.570549323707848,20.24426421243169,34.60935119112815,17.570549323707848
c,mv_f0_lv_coaxial_2,22,48,2.244454252434394,2.272253605244335,3.0061976560337724,2.244454252434394
c,mv_f0_lv_coo_2,446,48,73.18770700599735,86.27674020721591,182.18108809783217,73.18770700599735
c,mv_f0_lv_coolwoola_15e,570,48,6.639976177906327,6.911403174035495,12.85150203698241,6.639976177906327
c,mv_f0_lv_coolwoola_2,351,48,4.0094497883196025,4.656798713500639,8.647489641752845,4.0094497883196025
c,mv_f0_lv_coolwoola_25,137,48,3.7365766872184487,3.7785088753411236,4.800123955156508,3.7365766872184487
c,mv_f0_lv_coolwoola_5e,690,48,2.944092603042653,3.1518630034031467,5.4512604410056,-2.944092603042653
c,mv_f0_lv_coolwoola_6,63,48,2.798990427461129,3.0043709833925107,4.647939542776604,2.798990427461129
c,mv_f0_lv_coolwoola_9,142,48,38.12770958876996,63.512309992333726,138.9299789643858,36.068914416949006
c,mv_f0_lv_coombs_2,284,48,4.181729739804181,4.729765728948695,8.345417421411716,1.0123458632831566
c,mv_f0_lv_coombs_4,297,48,1.1478643730652556,1.417282313918823,2.7671243873509024,-1.0783957393735335
c,mv_f0_lv_coorlong_7,95,48,1.472556048709346,1.9514012348240448,4.292204381217387,-0.8880506968550218
c,mv_f0_lv_cro_4,687,48,1.7520158696407833,1.7533625549380467,1.8395578483161064,1.7520158696407833
c,mv_f0_lv_darley_1,509,48,2.6418959899701355,2.972180802298675,4.789832224229766,2.6418959899701355
c,mv_f0_lv_darley_2,491,48,1.8093257271876693,1.857248253873043,2.7191188332025966,1.8093257271876693
c,mv_f0_lv_darley_3,64,48,2.4575622157341193,2.557540091776086,4.137983696343802,2.4575622157341193
c,mv_f0_lv_darley_4,21,48,5.485610859751987,5.550293493566387,6.7884759773735865,5.485610859751987
c,mv_f0_lv_darley_5,478,48,7.550721039686457,11.22475488540253,31.251322171533605,7.550721039686457
c,mv_f0_lv_darley_pump,564,48,3.0312667590359887,3.3011463417715166,6.3529382400623,3.0312667590359887
c,mv_f0_lv_driffield_4,247,48,2.2553626643886684,2.278419885675432,3.105796419457531,2.2553626643886684
c,mv_f0_lv_eatmore_1,310,48,12.95560963259274,14.062311117016154,21.903849116061394,12.95560963259274
c,mv_f0_lv_eatmore_11,312,48,4.702783349145412,6.51428640266918,14.121342455918287,4.702783349145412
c,mv_f0_lv_eatmore_13,354,48,5.584591462138146,6.1071461079853515,9.56115001207332,5.584591462138146
c,mv_f0_lv_eatmore_18,330,48,24.89095437121634,29.87546674013523,54.37344645365336,24.791739502082184
c,mv_f0_lv_eatmore_2,604,48,21.475925117054118,23.365469119723034,39.774634447214154,21.475925117054118
c,mv_f0_lv_eatmore_24,714,48,19.190514919703915,19.515469477689585,25.67903174401884,19.190514919703915
c,mv_f0_lv_elloura_1,645,48,1.2333820439902055,1.587575782561409,4.1268924992426435,-0.2657601547622508
c,mv_f0_lv_femino_2,161,48,4.906185016766329,5.2743551966168605,7.245977235146164,4.906185016766329
c,mv_f0_lv_gallizia_2,588,48,2.1685244393469105,2.1832252912967585,3.106970234313371,2.1685244393469105
c,mv_f0_lv_gapoli_5,316,48,123.70527939000074,127.68598848505916,187.57678539851207,123.70527939000074
c,mv_f0_lv_gaze_3,103,48,0.7615147794768301,0.9267952408564754,3.1870520522331613,0.4396933470227193
c,mv_f0_lv_gaze_5,459,48,5.701767231469091,6.245604767166662,11.787875849000992,-2.3263275549080835
c,mv_f0_lv_gerrard_4,210,48,109.81831036004549,124.46655840574306,204.40551320090555,109.81831036004549
c,mv_f0_lv_gerrard_5,225,48,2.1309897803322246,2.169615214940628,3.032187302538734,2.1309897803322246
c,mv_f0_lv_gilgai_2,619,48,2.7623762904233438,3.0380621760613864,5.340045941398198,2.7623762904233438
c,mv_f0_lv_glencairn_blayney,484,48,4.554413957844282,4.883850281045274,8.13484609103483,4.554413957844282
c,mv_f0_lv_golf_club_2,116,48,11.432267578404899,14.113656730738562,32.34668280129793,11.432267578404899
c,mv_f0_lv_goulburn_filson,61,48,0.9309793354891337,1.1385424912708735,2.131519380575149,-0.7652732852318164
c,mv_f0_lv_goulburn_redbank,171,48,1.421238189083553,1.4212483245791652,1.4320794542730697,1.421238189083553
c,mv_f0_lv_goulburn_st_13,399,48,3.076747916013282,3.777484101700211,7.406110876270475,3.076747916013282
c,mv_f0_lv_goulburn_st_25,242,48,1.458999135702851,2.369874664324401,7.117157884485135,0.9268135306370962
c,mv_f0_lv_goulburn_st_48,107,48,2.284700892984594,2.6447905233740814,7.213092753038374,2.284700892984594
c,mv_f0_lv_goulburn_st_65,90,48,6.979937741662751,8.160104817144058,14.545426785392547,6.979937741662751
c,mv_f0_lv_goulburn_st_78,166,48,3.226045572872536,3.6639020815173535,7.157113050227984,3.226045572872536
c,mv_f0_lv_greenham_1,270,48,12.048774818637957,13.159740330698337,23.268740114561446,12.048774818637957
c,mv_f0_lv_greeve,149,48,2.2407330425859517,2.640100583847409,5.746153540608718,-2.1667156502623532
c,mv_f0_lv_grey_box_1,527,48,5.108685408900169,6.124563947924052,12.40378711176356,2.710171875031165
c,mv_f0_lv_grey_box_2,610,48,3.8155257902276207,4.438554436416682,9.630588751840776,1.0908642274613685
c,mv_f0_lv_hanley_mallett,257,48,7.46789118385071,8.032102823498583,13.493903249457219,7.46789118385071
c,mv_f0_lv_hately,427,48,10.7488724596743,12.149446023264344,22.76898906488215,10.7488724596743
c,mv_f0_lv_hately_3,644,48,103.67754232761315,111.08827813100048,183.99424078545925,103.67754232761315
c,mv_f0_lv_henlauren,136,48,46.90921655887504,71.1939505746824,156.2800885134869,46.90921655887504
c,mv_f0_lv_high-prentice,49,48,4.843995514806925,5.341763752943096,9.230652794325245,4.843995514806925
c,mv_f0_lv_high_cemetery,172,48,1.0046100608583388,1.2290227153629907,2.630149387760822,0.762420180733033
c,mv_f0_lv_high_curramar,584,48,7.3163986297941035,8.465536918464016,16.502608000707873,7.3163986297941035
c,mv_f0_lv_high_glencairn,150,48,1.475339919851659,1.48208503675551,2.0602638407750273,1.475339919851659
c,mv_f0_lv_high_goulburn,275,48,2.1081019231288862,2.2667424472635638,3.482642361402698,0.4867830388291414
c,mv_f0_lv_high_vickers,515,48,10.725956761020003,11.622375975017308,19.318157294492423,10.725956761020003
c,mv_f0_lv_hughes_lime,343,48,4.025096519572704,4.658893118538626,8.923238830572576,-2.4027996696008707
c,mv_f0_lv_hughes_wedge,535,48,7.442834707829704,8.66362624228218,17.80489167452837,7.442834707829704
c,mv_f0_lv_hume_redbank,605,48,4.284235963480357,6.077887166197657,17.259052239382694,-2.0508732451436575
c,mv_f0_lv_indus,462,48,6.522292397051788,9.049301306929936,24.84886310477354,6.522292397051788
c,mv_f0_lv_jones_hume,281,48,5.128306123366145,6.162553620676836,14.664734748280523,5.103208168378881
c,mv_f0_lv_jones_smythe,486,48,9.950121816259493,12.340826394602471,23.943055401108793,9.495171162577256
c,mv_f0_lv_kean_jean_claude,674,48,2.9724779117451305,3.1054664036285313,4.842446185257481,2.9724779117451305
c,mv_f0_lv_kennedy-coughlin,666,48,5.153924483557507,5.85080886002689,12.011427634210854,4.917306739980275
c,mv_f0_lv_kent_hughes,554,48,2.3850718631162136,2.668713369226667,4.89027865349013,2.3850718631162136
c,mv_f0_lv_kirwan_1e,713,48,4.231876689141288,4.518439498592682,9.249434535030911,4.231876689141288
c,mv_f0_lv_knorpp_2,482,48,33.168349689110514,53.61235685171886,173.33449519450073,28.275459562594367
c,mv_f0_lv_kobyboyn_goulburn_valley,246,48,6.309118555650026,8.43748699740791,19.91760821392431,6.309118555650026
c,mv_f0_lv_kobyboyn_red_box,115,48,1.8227688660046537,1.8385713839746327,2.354192185749584,1.8227688660046537
c,mv_f0_lv_lakeside-tahbilk,276,48,2.807868948967331,3.0097270614493983,4.6740342037117255,2.807868948967331
c,mv_f0_lv_laundon,529,48,10.130741176191878,10.448780343421415,20.36265813552799,10.130741176191878
c,mv_f0_lv_laurel_grove_14e,266,48,7.569826987549562,8.720592835610594,18.898541774572852,7.569826987549562
c,mv_f0_lv_laurel_grove_14f,14,48,3.19534160850897,3.36025765015073,7.692092970202282,-3.172310811458511
c,mv_f0_lv_laurel_grove_15,189,48,3.132897341631961,3.8417444279438726,8.551929404506655,3.132897341631961
c,mv_f0_lv_laurel_grove_17e,176,48,3.3190124696706214,5.445251832682533,20.649190144784033,1.6563674703334375
c,mv_f0_lv_laurel_grove_19e,165,48,6.141673771164345,6.435477603093134,9.614339287827907,6.141673771164345
c,mv_f0_lv_laurel_grove_2,56,48,10.088606730584653,11.240795261676823,24.741017031936668,9.841478411304301
c,mv_f0_lv_laurel_grove_21e,414,48,81.9811001292831,89.61913450331964,170.02264130763206,81.9811001292831
c,mv_f0_lv_laurel_grove_3,83,48,6.911693122949955,7.228297025688741,12.935763179299538,6.911693122949955
c,mv_f0_lv_laurel_grove_9,214,48,42.89758545901546,48.584180568860646,85.81436306992828,42.89758545901546
c,mv_f0_lv_liberty_elloura,15,48,4.902055168101118,5.269882916111834,7.244565796318746,4.902055168101118
c,mv_f0_lv_livingstone_ash,682,48,7.936945849012974,8.85235363625661,24.16092621491464,7.936945849012974
c,mv_f0_lv_locksley_2,154,48,2.6821791032665807,3.0733999302852206,6.535067586657482,0.23274400324200117
c,mv_f0_lv_locksley_5,152,48,2.079928082591491,2.279028829151611,4.448721654228287,2.079928082591491
c,mv_f0_lv_lore_1a,99,48,7.5348541896604075,9.125334429956766,18.051504235729915,7.5348541896604075
c,mv_f0_lv_malpark_2e,201,48,1.7680793346218335,1.7691886278028315,1.8465811561376853,1.7680793346218335
c,mv_f0_lv_malpark_3,230,48,1.7537815286079896,2.3516779975812248,5.243288415518707,-0.6057921328512039
c,mv_f0_lv_manga_13,633,48,5.653610078061661,6.0580379899909635,9.036144992065712,5.653610078061661
c,mv_f0_lv_manga_15,96,48,19.199361482073737,22.39868812302924,43.393987054773035,19.199361482073737
c,mv_f0_lv_marengo_5,289,48,4.332383718850753,5.039797475330538,10.032980995220967,0.4251594489555674
c,mv_f0_lv_marianna,451,48,4.534489179047821,4.997361103045299,10.686492436571111,4.534489179047821
c,mv_f0_lv_marie_high,452,48,8.501068251183804,10.617164692805867,25.49620413131661,8.501068251183804
c,mv_f0_lv_mcgillvray_4e,147,48,3.623128270379843,3.9851295956689,6.215482067769912,-3.623128270379843
c,mv_f0_lv_mcgillvray_4f,175,48,2.5108732623843704,3.358778377988212,8.379012732511962,-1.444866195872745
c,mv_f0_lv_mcgillvray_5,163,48,1.6184440137952858,2.2244900405775465,5.416296419844619,0.07128465084664508
c,mv_f0_lv_mcgregor_10,160,48,5.041320970832847,6.268473880644466,12.930724394868744,5.037400478367929
c,mv_f0_lv_mcgregor_6,339,48,1.6239343404667161,1.6306979004471567,1.8850352652157611,1.6239343404667161
c,mv_f0_lv_mcgregor_7,356,48,8.07963640903966,10.059763103223206,21.775535487765858,5.716766958296205
c,mv_f0_lv_mcgregor_lotus,169,48,1.1683883539818298,1.4681202863053477,3.6102250065051162,0.7554197937542378
c,mv_f0_lv_mcleod_road,703,48,7.183579709673599,7.99218140284946,14.396723305650468,7.0238672048087905
c,mv_f0_lv_mcnamara,530,48,6.159151554855551,7.355306594593213,12.361750584321534,6.049852317319831
c,mv_f0_lv_mintvint,187,48,3.687264943923189,4.049637807492798,9.102903160945875,3.687264943923189
c,mv_f0_lv_mitchelton_hotel,258,48,5.227961313928823,5.558592267629179,7.811754082444274,5.227961313928823
c,mv_f0_lv_morg,73,48,7.806547431010358,8.740556417113655,18.985500090386505,7.806547431010358
c,mv_f0_lv_myola_high,597,48,7.5755188359550045,8.237683832910964,13.972524440022035,7.5755188359550045
c,mv_f0_lv_nagambie_103,558,48,15.14620551471395,19.502820789339346,49.72140691464534,13.882444833269409
c,mv_f0_lv_nagambie_135,410,48,15.63059265403483,25.597824662183445,73.72732982071092,13.540543369568447
c,mv_f0_lv_nagambie_153,104,48,171.5672630975681,193.78015760074888,344.6484274608489,171.5672630975681
c,mv_f0_lv_nagambie_166,325,48,8.111616380164751,8.615363273414186,13.160081786850952,8.111616380164751
c,mv_f0_lv_nagambie_171,219,48,3.0763428521304625,3.702563585084258,9.57352819521683,3.0763428521304625
c,mv_f0_lv_nagambie_264,553,48,1.675971839964733,1.67830575781381,2.0942158155570754,1.675971839964733
c,mv_f0_lv_nagambie_341,453,48,2.272292075516105,2.556300163890662,4.218876486088188,-1.5938499174944651
c,mv_f0_lv_nagambie_343,715,48,5.703918498195153,5.819174921457623,8.013992361881972,5.703918498195153
c,mv_f0_lv_nagambie_344,71,48,5.351707476459151,5.664509987732897,9.859119968664622,-5.351707476459151
c,mv_f0_lv_nagambie_357,490,48,4.380104800492103,5.132379140348219,13.565826568382999,2.0109768067476623
c,mv_f0_lv_nagambie_360e,548,48,32.94116551401188,37.70062437387009,68.12900158353926,32.94116551401188
c,mv_f0_lv_nagambie_363,205,48,9.994487486654329,11.745437609656129,23.987616469937976,9.807907505614951
c,mv_f0_lv_nagambie_364e,514,48,46.9630226498309,51.71349829820691,92.23871097934413,46.9630226498309
c,mv_f0_lv_nagambie_368,547,48,4.086784554178162,4.463806805765344,7.059657440944214,-4.0542176703019495
c,mv_f0_lv_nagambie_370e,433,48,1.567752944151672,1.6495269908339245,2.5277774855042754,-1.567752944151672
c,mv_f0_lv_nagambie_374,384,48,299.80504982040026,320.27818899808784,560.8453738962334,299.80504982040026
c,mv_f0_lv_nagambie_52,98,48,2.2247762377828106,2.8299050065900895,6.699269672089301,0.9422569142376572
c,mv_f0_lv_nagambie_71,569,48,1.0398997430175838,1.249814390047708,3.065918845813492,0.36246048598564545
c,mv_f0_lv_nagambie_79ef,114,48,21.18909028845619,31.001282591563534,68.41563691908763,21.18909028845619
c,mv_f0_lv_nagambie_91,179,48,2.222654005466692,2.3430367438973816,3.3564391298428013,2.222654005466692
c,mv_f0_lv_nbn_golf,705,48,1.826958087804752,1.8273283537755798,1.873748943710371,1.826958087804752
c,mv_f0_lv_northwood_park_10,655,48,0.6094879434494361,0.853291385767925,2.2518870076268005,-0.5173632616089809
c,mv_f0_lv_northwood_park_8,97,48,1.966785985505764,2.0293037039872757,3.508812622585868,1.966785985505764
c,mv_f0_lv_o_brien_1,561,48,8.365579318161705,9.737059487421542,19.10655401828704,8.30335761679388
c,mv_f0_lv_o_brien_2,425,48,13.137855857324874,13.209447289222846,20.25151733076575,-13.137855857324874
c,mv_f0_lv_o_brien_3,589,48,51.924023409899895,55.52591142997927,83.84986834960529,51.924023409899895
c,mv_f0_lv_o_connor_7,406,48,77.613121746915,105.341881139588,305.9005807426752,77.613121746915
c,mv_f0_lv_o_neill_14,637,48,4.267267667317168,5.620605550538738,14.840566485649461,4.229192769740935
c,mv_f0_lv_o_neill_16e,623,48,5.357218862176919,7.331711424201874,14.478183272245555,4.994620375838049
c,mv_f0_lv_o_neill_2,692,48,7.3933481939033285,7.944494756320533,12.913401384603166,7.232304590109062
c,mv_f0_lv_o_neill_20,228,48,4.569898617615892,4.9216641663503795,7.214228865246948,0.29874738001064843
c,mv_f0_lv_o_neill_22,213,48,27.109353281056176,28.663765023878245,45.565985976153016,27.109353281056176
c,mv_f0_lv_o_neill_23e,200,48,6.386532732175946,8.245574236741533,21.419106121122518,-0.7376669683522185
c,mv_f0_lv_o_neill_26e,239,48,6.42604057148856,7.645392849952405,14.306226980160538,6.42604057148856
c,mv_f0_lv_o_neill_30,188,48,476.35589385045296,522.2793998007231,887.0770027328483,476.35589385045296
c,mv_f0_lv_o_neill_5,680,48,4.572651031600166,5.1191679000939265,13.87893542123209,2.2027144369744476
c,mv_f0_lv_o_neill_9,688,48,7.581340096267444,9.234248428118205,18.82964073759301,6.953123252603237
c,mv_f0_lv_o_sullivan_estate_13,505,48,14.11546464612227,15.345882089208356,27.20749134207466,14.11546464612227
c,mv_f0_lv_o_sullivans_estate_4,65,48,8.453657059838216,9.074305899269378,16.409238435851826,8.453657059838216
c,mv_f0_lv_oak_street,110,48,6.586960064633478,7.030556950462369,14.63960506731491,6.586960064633478
c,mv_f0_lv_osullivan_estate_16e,481,48,3.0967195244985697,3.236321352235116,4.1125391600834575,3.0967195244985697
c,mv_f0_lv_penrose-high,167,48,1.3997016368798627,1.9839627225313148,5.5146446006603576,1.1677692673781508
c,mv_f0_lv_pinniger_livingstone,470,48,2.39577395139359,2.748330028368051,6.119177591847709,1.7294972507386213
c,mv_f0_lv_pleiger_2,393,48,3.525608315650454,3.885869963568871,7.7434196464521285,3.525608315650454
c,mv_f0_lv_pleiger_3,408,48,0.9334535192904875,1.3496033989405583,3.7241302401863106,-0.4176669820723979
c,mv_f0_lv_plunkett_3,29,48,1.6497927934954089,1.6750502683607742,2.225261661935427,1.6497927934954089
c,mv_f0_lv_pollock_6,76,48,2.5529291924588935,2.745271738603066,4.927918360767777,2.5529291924588935
c,mv_f0_lv_pryor_3,599,48,8.071331372620259,9.359685459550128,20.556401095332248,8.048760844888081
c,mv_f0_lv_pullet_2,338,48,4.504032134402496,5.025600990436889,8.73979845477492,4.504032134402496
c,mv_f0_lv_purbrick_11,279,48,1.7666609656427512,1.7736321305175087,2.079069855783393,1.7666609656427512
c,mv_f0_lv_purbrick_3,448,48,41.38659126332123,47.766795177891616,96.35404565636343,41.38659126332123
c,mv_f0_lv_queen_memorial,455,48,4.365956734826916,4.949008094088504,9.272183225158003,4.18337361414826
c,mv_f0_lv_richards_1,635,48,6.0718839472981285,7.268808157142072,16.648915387095904,5.799179447930794
c,mv_f0_lv_richards_2,332,48,32.88572447173081,38.571152404894356,70.11748989052309,32.88572447173081
c,mv_f0_lv_richards_3,647,48,1.5477475817058082,2.365947944299541,6.577324191533787,-0.8601445953455175
c,mv_f0_lv_river_robinson,387,48,11.51468948961967,12.141799561156185,18.641497071265903,11.51468948961967
c,mv_f0_lv_riverview_11,437,48,2.1079096837248623,2.1213745690345465,2.9410041692711077,2.1079096837248623
c,mv_f0_lv_rose_st,87,48,3.088124057171456,3.5805403807303615,6.373514175317908,2.5696225747112567
c,mv_f0_lv_ross_vale,419,48,5.036080945495859,5.6872229061030355,9.620495554139332,5.036080945495859
c,mv_f0_lv_sand_wash_1,503,48,9.919170729517061,13.427003220735426,33.08561138486283,9.919170729517061
c,mv_f0_lv_sand_wash_2,85,48,2.110700456061227,2.270967628949259,3.890752648774786,2.110700456061227
c,mv_f0_lv_sand_wash_5,34,48,2.332092890201487,2.40603280606857,3.4763258819883234,2.332092890201487
c,mv_f0_lv_seymour_abattoir,630,48,3.051778462863163,3.062090052769891,3.4922861732560833,3.051778462863163
c,mv_f0_lv_shelton_watson,517,48,2.3919639160390567,3.2720611925298435,9.41047236747767,1.436238562597899
c,mv_f0_lv_smythe_anderson,669,48,6.678704596910684,8.618724763799154,20.191557567085297,6.500881376237609
c,mv_f0_lv_tabilk_irrigation,404,48,27.55173796342038,37.927353975637594,112.40300480850843,27.454169267362975
c,mv_f0_lv_tarcombe_abdallah,240,48,2.0801765774259673,2.5112060120090396,6.177155889847501,2.0455332356146596
c,mv_f0_lv_tarcombe_avenel,274,48,3.8201749940237306,4.137668703298531,7.727050758259857,3.8201749940237306
c,mv_f0_lv_tarcombe_road_16e,706,48,15.789886559229226,18.458122177745256,39.27722762443117,15.789886559229226
c,mv_f0_lv_transit_store_2,487,48,2.1284197532063147,2.1522014803031295,3.672705018463285,2.1284197532063147
c,mv_f0_lv_transit_store_9,504,48,94.96506343262483,106.23126398101196,205.4977795426991,94.96506343262483
c,mv_f0_lv_trial_2,691,48,1.3005000131763307,1.5593120747921463,3.2554530714997068,0.046167198024274415
c,mv_f0_lv_tv_relay_2,249,48,4.8068487149855486,5.371825741138867,11.775114467867404,4.8068487149855486
c,mv_f0_lv_tv_relay_3,265,48,1.6195575936626332,1.6257035210381987,1.866601985948479,1.6195575936626332
c,mv_f0_lv_vale_st,436,48,47.89841910521516,57.11122900494453,128.6716924003605,47.89841910521516
c,mv_f0_lv_vine_boyd,261,48,5.926917049183544,6.831681196326332,12.99708506093846,5.717367718969509
c,mv_f0_lv_wahring_18,522,48,43.17637302747366,46.50722500181933,67.5956695141788,43.17637302747366
c,mv_f0_lv_wahring_6,400,48,37.769018315200704,49.93163546864197,92.80325500342423,37.09244019053623
c,mv_f0_lv_weir_rd_2,217,48,4.176648455344904,4.622111406467605,8.404208193857064,-0.6827432380395834
c,mv_f0_lv_westdean,568,48,6.062079439189752,6.87989680016425,12.883062105487525,6.062079439189752
c,mv_f0_lv_wintirv_2,415,48,1.5034648282612553,1.513634571496669,1.9405518451654489,1.5034648282612553
c,mv_f0_lv_wolbunyah,43,48,16.895684705550952,18.597835927619435,33.691265381426064,16.895684705550952
c,mv_f0_lv_woodlea_court,23,48,5.878076007176877,6.777223442850137,13.118120870950154,5.842680824914548
c,mv_f0_lv_young_bride,468,48,6.118379970884369,7.153380137049029,13.36734260799124,6.102838774492935
c,smr8,0,48,0.45380535626926877,0.5478604427237446,0.8664789126223305,0.3647009653203724
